age,employment_status,monthly_income,monthly_expenses,num_bnpl_plans,bnpl_outstanding,missed_payments,forecasted_cash_flow,income_expense_ratio,bnpl_income_ratio,savings_rate,bnpl_risk
19,0,714.61,865.79,1,231.32,1,56.17,0.8254,0.3237,-0.2116,1
28,1,1429.22,1103.7,5,868.86,4,542.67,1.2949,0.6079,0.2278,1
26,0,422.43,398.05,4,305.08,7,66.8,1.0612,0.7222,0.0577,1
23,0,672.84,417.7,0,0.0,4,46.52,1.6108,0.0,0.3792,0
23,1,748.24,453.6,5,555.85,3,504.99,1.6496,0.7429,0.3938,1
29,0,687.21,751.68,6,836.15,5,-215.73,0.9142,1.2167,-0.0938,1
19,2,3528.93,2409.57,1,132.57,6,963.12,1.4645,0.0376,0.3172,0
27,0,355.38,349.5,6,2206.68,10,-33.26,1.0168,6.2094,0.0165,1
20,1,1472.07,1600.44,5,1586.45,2,-164.75,0.9198,1.0777,-0.0872,1
19,1,1143.12,711.67,5,1050.33,1,559.57,1.6063,0.9188,0.3774,0
24,1,958.44,876.13,2,768.8,6,124.75,1.0939,0.8021,0.0859,1
30,1,1284.96,1386.35,0,0.0,5,-10.34,0.9269,0.0,-0.0789,1
27,1,924.8,1130.86,3,1088.35,3,-303.59,0.8178,1.1768,-0.2228,1
27,2,3295.37,2667.47,5,355.75,6,660.23,1.2354,0.108,0.1905,1
27,0,439.3,563.16,4,747.58,6,-209.17,0.7801,1.7018,-0.2819,1
28,0,654.47,779.59,4,275.61,6,-157.91,0.8395,0.4211,-0.1912,1
24,1,1257.2,1326.9,5,1998.2,8,-82.42,0.9475,1.5894,-0.0554,0
19,2,1568.21,1371.16,2,740.07,6,484.0,1.1437,0.4719,0.1257,1
28,0,463.08,508.36,0,0.0,2,-75.9,0.9109,0.0,-0.0978,1
23,0,417.34,488.85,6,757.47,6,-377.37,0.8537,1.815,-0.1713,1
24,2,3966.78,3222.25,4,587.49,1,827.47,1.2311,0.1481,0.1877,0
22,1,1623.93,2102.96,3,622.02,6,-271.12,0.7722,0.383,-0.295,1
20,2,2343.18,2896.25,4,651.89,2,-444.39,0.809,0.2782,-0.236,1
30,1,1392.47,1308.71,5,287.3,3,26.37,1.064,0.2063,0.0602,1
28,1,1398.51,1546.73,5,1398.45,5,-260.55,0.9042,1.0,-0.106,1
26,0,370.64,358.34,4,1058.8,9,299.42,1.0343,2.8567,0.0332,0
23,2,2999.25,3397.1,5,1832.54,5,-315.05,0.8829,0.611,-0.1326,1
28,0,729.84,860.4,2,433.8,6,-373.38,0.8483,0.5944,-0.1789,1
25,1,1351.2,832.68,4,682.59,4,525.74,1.6227,0.5052,0.3837,1
23,0,488.99,320.48,6,1374.19,9,303.5,1.5258,2.8103,0.3446,1
23,1,708.2,591.72,1,118.14,4,141.83,1.1968,0.1668,0.1645,0
20,1,1636.81,2033.46,3,806.82,2,-543.87,0.8049,0.4929,-0.2423,1
19,1,751.07,660.03,4,1278.05,8,-77.17,1.1379,1.7016,0.1212,1
25,2,1809.72,2210.14,3,311.13,2,-545.77,0.8188,0.1719,-0.2213,1
29,0,792.68,732.2,6,968.6,5,279.33,1.0826,1.2219,0.0763,1
18,1,917.99,736.41,2,707.46,3,147.09,1.2466,0.7707,0.1978,1
29,0,608.89,749.21,1,226.94,3,-402.59,0.8127,0.3727,-0.2305,1
28,0,302.49,300.21,0,0.0,2,60.03,1.0076,0.0,0.0075,0
21,0,392.16,334.25,5,1514.21,6,70.38,1.1733,3.8612,0.1477,1
26,0,617.77,389.87,4,1009.05,7,136.69,1.5846,1.6334,0.3689,1
20,0,489.86,331.96,4,297.41,5,-24.43,1.4757,0.6071,0.3223,1
27,1,865.82,603.92,3,994.16,5,77.74,1.4337,1.1482,0.3025,1
27,1,1047.86,896.32,2,745.99,1,310.41,1.1691,0.7119,0.1446,0
22,1,1137.75,1166.35,6,411.88,1,16.05,0.9755,0.362,-0.0251,0
18,0,674.76,550.14,4,369.75,1,204.88,1.2265,0.548,0.1847,0
30,0,787.7,508.75,6,1774.15,7,312.19,1.5483,2.2523,0.3541,1
23,0,530.49,416.63,5,1307.83,9,133.26,1.2733,2.4653,0.2146,1
29,1,1613.7,1429.86,5,919.4,2,122.33,1.1286,0.5697,0.1139,1
26,2,2775.03,3592.52,3,716.21,2,-846.3,0.7724,0.2581,-0.2946,1
28,0,424.34,371.34,1,296.17,4,218.48,1.1427,0.698,0.1249,1
27,1,948.08,628.04,4,906.27,7,502.97,1.5096,0.9559,0.3376,1
20,0,348.77,351.13,5,495.33,4,-185.78,0.9933,1.4202,-0.0068,1
22,0,624.22,776.37,3,243.91,1,-196.66,0.804,0.3907,-0.2437,1
24,0,691.42,795.61,0,0.0,3,41.25,0.869,0.0,-0.1507,1
24,0,607.3,719.86,6,2238.06,10,174.23,0.8436,3.6853,-0.1853,1
18,1,1002.15,1252.45,5,1226.11,6,5.96,0.8002,1.2235,-0.2498,1
25,2,3641.83,3807.83,2,350.75,3,-301.18,0.9564,0.0963,-0.0456,1
20,0,375.83,487.24,3,1104.14,9,110.12,0.7713,2.9379,-0.2964,1
27,1,1362.9,849.49,0,0.0,0,471.61,1.6044,0.0,0.3767,0
26,1,761.03,901.35,6,1369.21,7,9.4,0.8443,1.7992,-0.1844,1
29,2,1926.34,2311.43,1,90.77,0,-151.81,0.8334,0.0471,-0.1999,1
27,1,877.31,1089.35,2,616.18,3,-375.11,0.8054,0.7024,-0.2417,1
22,0,422.24,394.68,2,590.21,4,108.23,1.0698,1.3978,0.0653,1
30,1,859.41,989.55,1,327.99,4,32.35,0.8685,0.3816,-0.1514,1
23,0,486.96,358.67,4,655.27,3,124.38,1.3577,1.3456,0.2635,1
22,2,3525.52,3603.76,6,1215.71,1,-93.77,0.9783,0.3448,-0.0222,0
29,0,504.85,429.65,5,544.6,7,-159.48,1.175,1.0787,0.149,1
22,1,1093.24,1112.18,3,1162.73,4,87.14,0.983,1.0636,-0.0173,1
18,0,665.81,714.34,0,0.0,5,-18.66,0.9321,0.0,-0.0729,1
24,0,524.23,441.9,6,1662.93,8,-66.88,1.1863,3.1721,0.157,1
28,2,3163.35,2376.84,1,296.84,4,515.18,1.3309,0.0938,0.2486,1
20,1,1078.01,889.55,6,631.25,4,227.76,1.2119,0.5856,0.1748,1
24,0,707.88,753.73,2,355.73,4,-130.21,0.9392,0.5025,-0.0648,1
19,2,2824.57,3033.06,3,195.28,6,-174.55,0.9313,0.0691,-0.0738,1
26,2,3491.64,3906.87,3,734.44,5,-598.0,0.8937,0.2103,-0.1189,1
24,0,753.4,518.77,3,1194.69,4,421.93,1.4523,1.5857,0.3114,0
22,1,1236.77,1450.68,1,200.46,1,-231.83,0.8525,0.1621,-0.173,1
20,1,864.46,935.09,3,1189.51,7,-222.54,0.9245,1.376,-0.0817,1
25,1,1085.0,674.17,2,188.36,2,74.46,1.6094,0.1736,0.3786,0
26,0,433.65,362.06,5,936.8,5,213.94,1.1977,2.1603,0.1651,1
30,0,410.98,380.85,3,1097.06,4,113.29,1.0791,2.6694,0.0733,1
23,2,3597.23,3066.39,6,2141.06,3,484.25,1.1731,0.5952,0.1476,1
20,2,3487.29,2379.0,2,326.51,3,943.06,1.4659,0.0936,0.3178,0
28,2,2020.43,1505.51,2,575.03,5,682.4,1.342,0.2846,0.2549,0
26,2,3081.46,1901.86,0,0.0,5,932.23,1.6202,0.0,0.3828,0
27,1,1154.96,768.23,5,1592.04,7,378.72,1.5034,1.3784,0.3348,1
19,1,1562.32,1228.62,0,0.0,3,184.81,1.2716,0.0,0.2136,0
22,1,1157.94,1359.4,1,103.4,6,-99.39,0.8518,0.0893,-0.174,1
27,1,1731.1,1676.82,6,453.31,6,267.55,1.0324,0.2619,0.0314,0
28,1,1019.52,914.66,4,1060.47,6,85.59,1.1146,1.0402,0.1029,1
23,0,737.41,784.25,3,675.29,3,185.13,0.9403,0.9158,-0.0635,1
28,1,1534.75,1502.61,5,666.56,1,86.08,1.0214,0.4343,0.0209,1
28,0,725.13,501.83,5,762.35,1,229.53,1.445,1.0513,0.3079,0
23,0,782.29,591.28,6,1123.38,8,561.28,1.323,1.436,0.2442,1
29,1,1794.31,1356.08,4,893.73,5,563.4,1.3232,0.4981,0.2442,0
21,0,323.74,330.2,3,559.77,8,245.9,0.9804,1.7291,-0.02,1
21,0,341.78,315.51,0,0.0,5,-100.59,1.0833,0.0,0.0769,1
26,2,2338.59,2037.64,2,181.01,3,623.16,1.1477,0.0774,0.1287,0
26,2,2087.32,2065.71,4,1411.83,2,10.88,1.0105,0.6764,0.0104,1
19,0,384.97,492.41,1,263.2,1,-145.05,0.7818,0.6837,-0.2791,1
28,0,776.6,636.76,4,404.54,5,-205.21,1.2196,0.5209,0.1801,1
20,0,397.71,383.45,0,0.0,2,60.28,1.0372,0.0,0.0359,1
28,1,725.08,678.86,0,0.0,2,-127.91,1.0681,0.0,0.0637,1
18,2,1655.75,1824.06,2,520.43,5,-115.39,0.9077,0.3143,-0.1017,1
28,0,620.47,689.47,1,263.1,3,-224.77,0.8999,0.424,-0.1112,1
28,1,1195.59,1327.52,6,1654.97,8,144.12,0.9006,1.3842,-0.1103,1
28,0,465.74,345.14,2,588.53,4,184.87,1.3494,1.2636,0.2589,1
26,0,623.21,569.84,2,172.35,5,400.6,1.0937,0.2766,0.0856,0
24,2,2343.7,2737.03,2,313.45,0,-508.84,0.8563,0.1337,-0.1678,0
27,0,768.85,666.65,2,112.14,2,326.35,1.1533,0.1459,0.1329,0
21,0,450.9,581.2,6,1254.75,5,-409.46,0.7758,2.7828,-0.289,1
28,0,427.59,365.74,5,1001.5,3,98.5,1.1691,2.3422,0.1446,1
25,1,1528.71,1449.78,1,307.01,6,-21.07,1.0544,0.2008,0.0516,0
23,2,2828.37,2636.52,1,108.49,3,128.2,1.0728,0.0384,0.0678,0
24,2,3516.33,3177.23,0,0.0,2,246.0,1.1067,0.0,0.0964,0
25,0,616.22,734.5,1,157.34,2,-240.22,0.839,0.2553,-0.1919,1
18,0,379.75,269.13,4,734.68,3,-108.98,1.411,1.9346,0.2913,1
19,1,1543.37,1539.3,6,1810.5,1,-62.35,1.0026,1.1731,0.0026,0
21,0,435.31,449.68,3,225.13,6,3.32,0.968,0.5172,-0.033,1
19,2,3129.64,3742.6,0,0.0,0,-283.13,0.8362,0.0,-0.1959,0
23,1,1384.89,1421.51,0,0.0,2,15.3,0.9742,0.0,-0.0264,1
26,0,466.19,593.0,2,601.02,2,49.08,0.7862,1.2892,-0.272,1
26,2,3888.82,4707.48,1,119.73,6,-843.81,0.8261,0.0308,-0.2105,1
24,0,527.09,444.93,4,1526.38,5,15.27,1.1847,2.8959,0.1559,1
29,0,395.21,475.02,0,0.0,2,27.86,0.832,0.0,-0.2019,1
25,1,746.05,948.18,1,336.62,5,-118.58,0.7868,0.4512,-0.2709,1
19,1,1183.43,923.12,3,464.7,3,79.92,1.282,0.3927,0.22,1
27,1,935.2,960.59,1,282.35,2,118.55,0.9736,0.3019,-0.0271,0
25,1,1708.36,1362.01,2,158.2,3,212.52,1.2543,0.0926,0.2027,1
26,2,2261.49,2385.19,1,354.95,3,-233.23,0.9481,0.157,-0.0547,1
25,2,2626.35,1747.97,0,0.0,2,949.26,1.5025,0.0,0.3344,1
25,1,892.7,994.41,2,223.51,4,-105.33,0.8977,0.2504,-0.1139,1
19,0,349.16,312.11,2,329.19,3,-52.06,1.1187,0.9428,0.1061,1
25,1,1225.53,1239.15,6,1981.56,8,-97.02,0.989,1.6169,-0.0111,1
28,2,2273.52,1405.27,6,2127.48,4,556.42,1.6179,0.9358,0.3819,1
21,0,680.51,739.58,3,695.7,6,-120.53,0.9201,1.0223,-0.0868,1
25,1,760.93,720.75,2,436.22,1,194.34,1.0557,0.5733,0.0528,0
18,0,328.41,340.78,2,625.51,6,25.3,0.9637,1.9047,-0.0377,1
22,0,688.45,565.2,4,1356.67,5,257.11,1.2181,1.9706,0.179,1
23,1,1627.05,1142.31,2,635.39,5,480.04,1.4244,0.3905,0.2979,0
30,0,451.67,408.67,5,922.75,6,-45.05,1.1052,2.043,0.0952,1
20,1,1319.25,1663.29,6,1648.04,6,-502.91,0.7932,1.2492,-0.2608,1
21,2,3413.67,2592.53,2,700.15,0,480.57,1.3167,0.2051,0.2405,0
23,2,1737.2,1864.17,0,0.0,4,-222.29,0.9319,0.0,-0.0731,1
30,0,713.5,452.99,0,0.0,5,123.66,1.5751,0.0,0.3651,0
29,0,619.75,683.38,6,418.9,4,95.88,0.9069,0.6759,-0.1027,1
18,1,1685.49,1292.61,2,386.21,0,468.42,1.3039,0.2291,0.2331,0
21,2,3409.51,3123.32,2,640.6,3,550.09,1.0916,0.1879,0.0839,0
28,1,1683.72,1443.67,4,475.84,5,136.8,1.1663,0.2826,0.1426,1
18,2,3002.23,2038.48,6,1437.96,3,1133.79,1.4728,0.479,0.321,1
29,0,300.41,252.92,2,125.61,0,276.58,1.1878,0.4181,0.1581,0
21,2,3336.76,2819.85,2,728.35,2,408.34,1.1833,0.2183,0.1549,0
29,0,476.93,460.46,6,2022.01,10,88.54,1.0358,4.2396,0.0345,1
21,0,361.89,463.45,0,0.0,1,78.99,0.7809,0.0,-0.2806,0
23,1,769.04,714.45,5,1485.13,5,30.88,1.0764,1.9311,0.071,1
26,0,465.87,577.72,3,259.11,2,-128.02,0.8064,0.5562,-0.2401,1
19,0,335.12,309.35,0,0.0,4,-74.48,1.0833,0.0,0.0769,0
25,0,328.46,221.8,1,300.34,3,-270.35,1.4809,0.9144,0.3247,1
24,0,758.01,576.93,4,367.95,2,199.92,1.3139,0.4854,0.2389,0
28,1,1031.95,913.55,5,1966.21,6,18.8,1.1296,1.9053,0.1147,1
30,0,791.12,654.86,1,57.89,4,-61.41,1.2081,0.0732,0.1722,0
26,1,1733.48,2090.72,4,1079.92,3,-311.62,0.8291,0.623,-0.2061,1
23,2,2926.81,3146.47,6,660.69,1,-435.47,0.9302,0.2257,-0.0751,0
23,0,657.46,660.63,4,1206.96,2,117.71,0.9952,1.8358,-0.0048,1
23,0,600.4,566.69,4,298.57,4,106.81,1.0595,0.4973,0.0561,1
28,2,2543.54,2233.46,1,78.39,2,219.94,1.1388,0.0308,0.1219,0
22,2,3294.83,3388.85,4,852.81,4,-110.92,0.9723,0.2588,-0.0285,1
20,1,1520.91,1045.21,4,1591.61,3,192.58,1.4551,1.0465,0.3128,1
22,2,2836.38,2024.53,0,0.0,5,844.83,1.401,0.0,0.2862,0
18,0,602.07,488.99,2,528.77,5,121.67,1.2313,0.8783,0.1878,0
19,0,793.3,571.04,6,1389.06,4,267.98,1.3892,1.751,0.2802,1
19,1,1388.25,1490.94,6,2068.45,4,0.0,0.9311,1.49,-0.074,1
28,0,655.38,404.59,1,151.01,5,122.7,1.6199,0.2304,0.3827,1
27,1,751.54,535.19,5,1221.15,2,-9.48,1.4042,1.6249,0.2879,1
27,1,891.83,1098.58,3,1148.15,1,-26.96,0.8118,1.2874,-0.2318,1
24,1,753.34,978.05,4,665.62,1,-75.6,0.7702,0.8836,-0.2983,1
27,1,911.33,857.85,3,611.38,3,-37.25,1.0623,0.6709,0.0587,1
20,0,482.34,456.66,6,2166.51,9,86.67,1.0562,4.4917,0.0532,1
29,0,302.18,344.9,3,499.12,4,153.89,0.8761,1.6517,-0.1414,1
24,0,553.62,346.2,4,732.94,2,349.41,1.5991,1.3239,0.3747,1
30,1,1423.68,1279.77,4,625.77,2,47.46,1.1124,0.4395,0.1011,1
19,0,428.67,287.16,3,1000.01,6,-71.01,1.4928,2.3328,0.3301,1
24,0,545.76,480.62,6,2253.81,8,-131.29,1.1355,4.1297,0.1194,1
27,0,386.89,498.58,1,270.88,5,-133.22,0.776,0.7001,-0.2887,1
24,0,328.85,370.79,6,1609.62,9,175.17,0.8869,4.8947,-0.1275,1
23,2,2506.99,3232.84,4,746.01,6,-862.63,0.7755,0.2976,-0.2895,1
20,0,663.51,744.61,6,326.22,6,-170.39,0.8911,0.4917,-0.1222,1
22,2,2312.33,2371.7,2,221.76,4,-146.37,0.975,0.0959,-0.0257,1
21,0,371.65,419.2,3,304.81,4,-114.37,0.8866,0.8202,-0.1279,1
21,1,1329.74,1411.34,0,0.0,0,-82.03,0.9422,0.0,-0.0614,0
26,0,397.51,367.64,6,1673.5,10,-164.91,1.0812,4.21,0.0751,1
26,0,313.43,252.24,5,488.61,4,213.07,1.2426,1.5589,0.1952,1
25,2,2884.66,2781.17,2,159.94,2,51.13,1.0372,0.0554,0.0359,0
22,2,2731.77,2133.36,0,0.0,5,846.06,1.2805,0.0,0.2191,0
30,2,3489.94,3282.89,4,548.63,0,19.06,1.0631,0.1572,0.0593,0
19,0,494.03,346.95,4,404.2,2,348.04,1.4239,0.8182,0.2977,1
22,0,577.51,575.07,3,303.43,5,211.05,1.0042,0.5254,0.0042,1
19,1,1078.96,832.63,1,139.67,6,191.44,1.2958,0.1294,0.2283,0
22,0,377.15,303.8,6,1427.38,8,1.42,1.2414,3.7846,0.1945,1
30,1,1297.16,1231.42,3,946.0,4,-90.02,1.0534,0.7293,0.0507,1
22,1,983.04,701.66,5,1742.36,8,76.22,1.401,1.7724,0.2862,1
29,1,889.37,1132.76,6,1877.98,3,-205.31,0.7851,2.1116,-0.2737,1
24,2,1514.1,1382.16,3,809.62,3,138.39,1.0955,0.5347,0.0871,1
27,1,1205.09,1020.22,0,0.0,1,-64.04,1.1812,0.0,0.1534,0
23,0,764.12,474.09,6,1391.45,5,647.73,1.6118,1.821,0.3796,1
21,0,508.35,605.08,4,1086.7,9,-145.11,0.8401,2.1377,-0.1903,1
27,1,757.3,786.14,6,1164.4,6,-12.68,0.9633,1.5376,-0.0381,1
30,1,1722.87,1535.91,4,658.34,6,88.9,1.1217,0.3821,0.1085,1
21,0,354.74,273.81,6,996.59,7,31.7,1.2956,2.8094,0.2281,1
28,0,347.68,389.96,6,611.47,8,-91.62,0.8916,1.7587,-0.1216,1
21,1,1196.31,1509.54,1,328.81,1,-260.49,0.7925,0.2749,-0.2618,1
27,2,3467.69,3004.99,1,69.38,2,385.09,1.154,0.02,0.1334,0
28,1,1758.96,1221.45,1,286.14,1,642.39,1.4401,0.1627,0.3056,0
23,0,595.11,402.55,5,1762.81,9,216.69,1.4784,2.9622,0.3236,1
27,0,373.22,225.59,1,224.1,3,227.79,1.6544,0.6005,0.3956,1
21,1,1193.6,1337.75,3,223.71,1,-109.21,0.8922,0.1874,-0.1208,1
19,0,477.4,614.4,5,999.73,4,-92.9,0.777,2.0941,-0.287,1
19,1,741.65,960.42,3,510.39,3,-254.04,0.7722,0.6882,-0.295,1
23,1,1022.13,1174.36,0,0.0,1,9.89,0.8704,0.0,-0.1489,0
29,0,465.3,332.0,2,583.89,5,141.9,1.4015,1.2549,0.2865,0
19,0,437.12,561.44,0,0.0,5,-124.77,0.7786,0.0,-0.2844,1
23,0,705.94,585.56,2,461.08,6,93.57,1.2056,0.6531,0.1705,1
27,2,2809.46,2341.78,5,1491.47,1,449.9,1.1997,0.5309,0.1665,1
20,1,813.22,879.2,3,908.7,4,-41.89,0.925,1.1174,-0.0811,1
27,0,369.5,234.39,4,292.9,4,111.54,1.5764,0.7927,0.3657,1
21,2,1762.7,2076.53,0,0.0,3,-358.4,0.8489,0.0,-0.178,1
28,1,851.4,1105.21,5,272.69,3,-129.15,0.7704,0.3203,-0.2981,1
25,1,704.89,805.37,2,456.87,1,48.85,0.8752,0.6481,-0.1425,1
25,2,1979.65,2271.0,2,713.06,0,-8.79,0.8717,0.3602,-0.1472,1
20,0,541.76,473.08,4,1053.38,4,-16.45,1.1452,1.9444,0.1268,1
24,0,519.68,335.79,0,0.0,0,256.03,1.5476,0.0,0.3539,0
29,1,1706.98,1971.34,3,1122.26,0,-507.1,0.8659,0.6575,-0.1549,1
18,0,559.15,569.22,2,220.55,3,117.19,0.9823,0.3944,-0.018,1
27,1,1145.53,1416.49,1,76.11,6,-414.38,0.8087,0.0664,-0.2365,1
24,0,382.13,260.3,6,2226.34,10,-16.97,1.468,5.8261,0.3188,1
27,0,366.27,297.99,2,731.95,2,124.27,1.2291,1.9984,0.1864,1
26,0,777.05,662.4,0,0.0,5,-12.71,1.1731,0.0,0.1475,1
23,0,442.43,477.07,3,408.28,5,-150.48,0.9274,0.9228,-0.0783,1
22,0,477.6,549.92,6,2336.5,9,-128.38,0.8685,4.8922,-0.1514,1
26,0,461.04,586.77,4,1271.48,5,-6.8,0.7857,2.7579,-0.2727,1
19,2,2922.6,2357.91,4,1143.45,6,408.53,1.2395,0.3912,0.1932,1
25,0,581.48,549.82,6,768.11,4,18.59,1.0576,1.321,0.0544,1
19,0,759.58,471.15,0,0.0,0,206.13,1.6122,0.0,0.3797,0
26,0,449.96,349.66,3,1013.71,4,218.37,1.2869,2.2529,0.2229,1
26,0,357.42,308.03,2,702.18,3,165.59,1.1603,1.9646,0.1382,0
19,0,578.11,587.17,4,986.0,4,-285.24,0.9846,1.7056,-0.0157,1
27,1,1260.33,1171.59,5,1164.89,3,226.12,1.0757,0.9243,0.0704,1
23,0,700.95,599.41,0,0.0,3,-20.12,1.1694,0.0,0.1449,1
28,2,3466.89,3594.66,1,234.89,2,-102.26,0.9645,0.0678,-0.0369,1
18,2,3002.38,3542.9,6,1177.13,4,-611.98,0.8474,0.3921,-0.18,1
20,0,785.68,604.33,3,239.69,3,211.53,1.3001,0.3051,0.2308,0
24,0,576.51,484.28,2,188.23,6,457.43,1.1904,0.3265,0.16,0
20,0,435.46,476.15,1,316.1,6,-9.83,0.9145,0.7259,-0.0934,1
22,1,1584.44,1813.48,2,117.26,2,-253.54,0.8737,0.074,-0.1446,1
26,0,318.66,375.31,0,0.0,0,-83.39,0.8491,0.0,-0.1778,0
19,2,1622.15,1210.99,1,366.63,4,153.03,1.3395,0.226,0.2535,0
26,1,1362.3,1331.63,1,296.4,2,244.43,1.023,0.2176,0.0225,0
19,2,3770.1,4637.25,0,0.0,6,-864.98,0.813,0.0,-0.23,1
20,1,1169.3,1022.4,6,955.29,3,-0.95,1.1437,0.817,0.1256,1
25,2,1627.38,1466.14,5,1585.81,3,-19.12,1.11,0.9745,0.0991,1
28,0,339.66,437.95,6,1176.96,7,-104.24,0.7756,3.4651,-0.2894,1
20,0,648.06,440.12,1,214.08,6,357.3,1.4725,0.3303,0.3209,0
21,0,335.89,367.44,2,421.16,1,-206.44,0.9141,1.2539,-0.0939,1
30,2,1556.01,1859.63,1,120.75,6,-131.31,0.8367,0.0776,-0.1951,1
30,1,1105.32,779.86,3,907.46,2,239.89,1.4173,0.821,0.2944,0
25,2,1636.47,1800.31,1,86.05,5,-267.02,0.909,0.0526,-0.1001,1
23,0,394.39,366.32,1,227.54,3,-40.3,1.0766,0.5769,0.0712,1
22,2,3072.27,3677.58,6,656.91,3,-284.2,0.8354,0.2138,-0.197,1
25,1,1708.65,2110.55,2,132.57,1,-632.71,0.8096,0.0776,-0.2352,1
25,1,1239.44,1500.64,5,500.68,5,-367.91,0.8259,0.404,-0.2107,1
21,2,3650.06,2354.54,1,354.27,4,1159.88,1.5502,0.0971,0.3549,1
18,0,597.38,674.92,6,669.91,4,-33.74,0.8851,1.1214,-0.1298,1
19,0,620.83,772.98,4,589.72,4,-284.09,0.8032,0.9499,-0.2451,1
30,1,1645.68,1703.19,6,590.0,4,104.01,0.9662,0.3585,-0.0349,1
23,0,652.06,665.5,3,922.32,5,138.59,0.9798,1.4145,-0.0206,1
24,0,709.91,448.31,6,1235.44,8,335.25,1.5835,1.7403,0.3685,1
24,0,541.73,649.66,2,760.54,2,-171.91,0.8339,1.4039,-0.1992,1
28,0,566.68,358.42,3,847.54,3,99.69,1.5811,1.4956,0.3675,0
18,2,3030.4,2483.28,0,0.0,5,545.4,1.2203,0.0,0.1805,1
19,1,1504.53,1877.81,1,279.82,5,-584.07,0.8012,0.186,-0.2481,1
21,0,632.32,799.77,5,320.74,2,48.03,0.7906,0.5072,-0.2648,1
24,0,316.8,410.04,2,765.46,6,187.54,0.7726,2.4162,-0.2943,1
26,0,437.82,408.7,0,0.0,0,-13.53,1.0713,0.0,0.0665,0
24,1,1116.21,808.36,2,293.3,1,315.2,1.3808,0.2628,0.2758,0
23,2,3831.2,3607.31,2,539.81,6,363.48,1.0621,0.1409,0.0584,0
30,2,3783.86,2541.31,5,603.35,4,1272.3,1.4889,0.1595,0.3284,0
20,0,614.24,743.71,0,0.0,0,99.41,0.8259,0.0,-0.2108,0
25,0,510.53,506.64,0,0.0,5,-257.57,1.0077,0.0,0.0076,1
25,1,1037.84,916.57,5,1894.69,4,77.79,1.1323,1.8256,0.1168,1
24,1,1369.3,897.81,0,0.0,3,578.97,1.5252,0.0,0.3443,0
28,1,1065.31,941.38,2,585.45,5,43.85,1.1316,0.5496,0.1163,0
21,1,1193.19,1439.39,4,1203.0,6,33.49,0.829,1.0082,-0.2063,1
30,1,1648.93,1801.27,3,382.21,0,128.69,0.9154,0.2318,-0.0924,0
22,0,545.78,358.97,0,0.0,2,50.84,1.5204,0.0,0.3423,0
25,0,543.49,386.93,5,1396.99,4,108.73,1.4046,2.5704,0.2881,1
24,0,783.15,684.96,0,0.0,6,-34.7,1.1434,0.0,0.1254,0
29,0,678.15,455.01,1,399.98,5,178.99,1.4904,0.5898,0.329,0
23,0,548.49,687.71,0,0.0,4,-131.34,0.7976,0.0,-0.2538,1
21,1,988.52,1044.47,3,362.42,0,97.79,0.9464,0.3666,-0.0566,0
18,0,313.24,208.74,4,403.11,6,-32.7,1.5006,1.2869,0.3336,1
22,0,771.25,888.2,4,416.21,3,-495.66,0.8683,0.5397,-0.1516,1
28,1,1374.7,1179.33,0,0.0,1,-92.54,1.1657,0.0,0.1421,0
18,1,1498.56,1156.0,2,714.98,3,85.73,1.2963,0.4771,0.2286,0
29,0,799.7,798.89,1,207.05,3,-97.7,1.001,0.2589,0.001,1
25,2,2828.3,1723.45,2,567.94,2,1044.12,1.6411,0.2008,0.3906,1
19,2,2631.12,2435.83,1,181.77,6,16.49,1.0802,0.0691,0.0742,0
21,1,1798.57,2141.49,5,809.41,6,-439.69,0.8399,0.45,-0.1907,1
25,1,1024.0,1279.63,5,1709.91,2,-381.11,0.8002,1.6698,-0.2496,1
22,0,599.81,503.71,5,1397.21,9,-61.68,1.1908,2.3294,0.1602,1
19,2,2486.43,2610.02,1,172.81,2,-198.6,0.9526,0.0695,-0.0497,1
26,0,766.69,581.75,0,0.0,5,78.9,1.3179,0.0,0.2412,1
26,2,2200.1,2182.83,0,0.0,5,119.75,1.0079,0.0,0.0078,0
19,1,1081.66,841.34,5,579.48,4,104.36,1.2856,0.5357,0.2222,1
21,0,608.32,608.29,6,1314.77,8,-53.61,1.0,2.1613,0.0,1
21,0,445.95,321.18,1,286.14,4,7.63,1.3885,0.6416,0.2798,0
26,1,1135.66,1429.64,6,1070.94,6,-108.56,0.7944,0.943,-0.2589,1
27,1,744.03,908.34,3,1035.97,4,-145.77,0.8191,1.3924,-0.2208,1
27,0,350.89,293.29,1,236.6,6,215.72,1.1964,0.6743,0.1642,1
30,1,1147.57,1312.43,2,427.44,6,-291.26,0.8744,0.3725,-0.1437,1
27,2,2317.55,1545.46,1,350.55,6,811.82,1.4996,0.1513,0.3331,1
22,1,795.13,889.16,5,1060.11,2,-152.98,0.8942,1.3333,-0.1183,1
19,1,1397.6,1114.9,1,195.04,3,82.12,1.2536,0.1396,0.2023,0
25,0,653.84,454.39,1,86.3,3,151.47,1.4389,0.132,0.305,0
29,1,745.27,800.97,5,884.36,5,210.47,0.9305,1.1866,-0.0747,1
30,0,602.15,559.32,2,377.93,4,-90.38,1.0766,0.6276,0.0711,0
20,2,2373.17,2304.58,1,113.22,5,49.44,1.0298,0.0477,0.0289,0
21,0,503.25,485.32,5,1278.69,6,-180.72,1.0369,2.5409,0.0356,1
18,1,1713.35,1099.31,6,602.07,4,314.4,1.5586,0.3514,0.3584,1
19,0,553.24,351.84,3,384.87,7,81.72,1.5724,0.6957,0.364,1
25,0,411.52,420.09,5,1231.91,4,-76.67,0.9796,2.9936,-0.0208,1
25,1,1542.42,1599.03,5,720.72,4,-118.44,0.9646,0.4673,-0.0367,1
22,1,1516.83,960.19,4,1095.54,3,519.78,1.5797,0.7223,0.367,1
22,1,971.43,840.2,5,1458.4,8,-129.79,1.1562,1.5013,0.1351,1
28,2,3144.92,3236.11,0,0.0,3,-190.56,0.9718,0.0,-0.029,1
23,2,2472.62,2620.18,0,0.0,4,-56.73,0.9437,0.0,-0.0597,0
28,2,3754.33,4429.33,6,1327.85,5,-927.41,0.8476,0.3537,-0.1798,1
30,0,562.33,503.01,0,0.0,1,7.3,1.1179,0.0,0.1055,0
22,1,1432.44,1409.21,5,1151.66,4,61.58,1.0165,0.804,0.0162,1
20,2,1830.36,1839.5,2,608.35,5,-123.91,0.995,0.3324,-0.005,1
30,0,560.39,458.64,5,1335.58,8,152.61,1.2219,2.3833,0.1816,1
26,0,470.07,299.75,4,827.57,3,-62.22,1.5682,1.7605,0.3623,1
21,2,2212.63,1334.12,0,0.0,5,959.8,1.6585,0.0,0.397,1
26,1,1655.62,1962.39,2,171.22,1,-279.66,0.8437,0.1034,-0.1853,1
24,1,1340.67,992.31,4,1432.0,2,328.2,1.3511,1.0681,0.2598,1
29,2,2285.19,2379.29,6,1980.27,6,89.76,0.9605,0.8666,-0.0412,1
21,1,776.36,779.41,5,984.54,5,-52.23,0.9961,1.2681,-0.0039,1
30,0,697.76,613.85,6,621.02,4,-32.99,1.1367,0.89,0.1203,1
30,0,594.81,703.93,6,627.32,4,104.21,0.845,1.0547,-0.1835,1
20,0,686.92,747.97,6,2235.79,10,211.34,0.9184,3.2548,-0.0889,1
20,0,496.36,305.72,4,527.19,2,29.76,1.6236,1.0621,0.3841,1
24,1,1704.54,1949.46,2,711.88,2,-271.32,0.8744,0.4176,-0.1437,1
18,2,1894.12,1808.69,3,678.46,3,243.96,1.0472,0.3582,0.0451,0
21,0,319.36,269.19,5,1058.04,9,25.53,1.1864,3.313,0.1571,1
23,0,464.47,515.01,2,533.66,4,36.69,0.9019,1.149,-0.1088,1
30,2,2722.4,2940.86,5,626.32,5,-102.58,0.9257,0.2301,-0.0802,1
30,0,478.16,390.85,4,799.72,7,-6.08,1.2234,1.6725,0.1826,1
19,1,1355.2,1745.67,1,378.47,6,-248.74,0.7763,0.2793,-0.2881,1
29,1,1158.34,1221.0,6,800.34,4,-52.01,0.9487,0.6909,-0.0541,1
19,1,1100.11,1126.56,5,1862.77,5,-207.52,0.9765,1.6933,-0.024,1
27,0,633.48,411.08,4,1591.89,3,29.14,1.541,2.5129,0.3511,1
28,1,1409.07,1120.95,1,68.17,0,141.32,1.257,0.0484,0.2045,0
29,0,473.11,431.89,1,235.98,3,183.48,1.0954,0.4988,0.0871,0
20,1,856.4,891.89,5,550.68,5,109.01,0.9602,0.643,-0.0414,1
29,0,598.22,573.65,0,0.0,5,136.92,1.0428,0.0,0.0411,0
19,1,1672.95,1897.33,3,1189.02,3,-176.85,0.8817,0.7107,-0.1341,1
24,1,1747.02,1369.31,4,1455.63,4,327.2,1.2758,0.8332,0.2162,1
24,0,647.02,706.23,1,373.7,5,-5.6,0.9162,0.5776,-0.0915,1
22,0,623.71,730.75,6,748.03,3,-41.96,0.8535,1.1993,-0.1716,1
18,0,367.53,417.34,3,719.44,3,27.71,0.8806,1.9575,-0.1355,1
28,0,520.52,593.18,0,0.0,6,-264.8,0.8775,0.0,-0.1396,1
22,0,746.35,912.01,2,729.6,4,-286.27,0.8184,0.9776,-0.222,1
26,2,3600.85,2372.69,2,233.81,1,728.5,1.5176,0.0649,0.3411,0
23,0,727.58,791.63,1,103.89,1,107.3,0.9191,0.1428,-0.088,0
22,2,3556.98,4546.09,6,325.54,2,-666.8,0.7824,0.0915,-0.2781,1
29,2,2870.91,2875.38,2,227.36,1,-329.62,0.9984,0.0792,-0.0016,0
19,0,512.17,385.21,3,349.25,4,339.62,1.3296,0.6819,0.2479,0
27,1,981.19,1274.69,3,231.36,5,-195.21,0.7697,0.2358,-0.2991,1
27,2,3893.05,2811.85,1,353.71,5,1293.22,1.3845,0.0909,0.2777,0
22,1,938.04,783.16,3,969.0,7,241.95,1.1978,1.033,0.1651,1
21,0,777.13,559.88,2,278.14,5,410.02,1.388,0.3579,0.2796,0
18,0,443.37,410.19,0,0.0,2,54.96,1.0809,0.0,0.0748,0
30,0,733.14,654.85,2,395.52,0,-131.52,1.1196,0.5395,0.1068,1
30,1,1561.75,1474.09,4,1285.73,2,56.59,1.0595,0.8233,0.0561,0
21,2,1656.76,2070.27,0,0.0,5,-242.29,0.8003,0.0,-0.2496,1
18,2,1797.65,1680.49,5,1238.14,3,57.54,1.0697,0.6888,0.0652,1
19,0,642.62,617.07,4,734.25,6,118.38,1.0414,1.1426,0.0398,1
18,1,794.6,969.95,2,231.37,3,-155.8,0.8192,0.2912,-0.2207,1
28,0,772.26,905.42,4,1019.89,7,-197.49,0.8529,1.3207,-0.1724,1
29,2,1586.15,1217.85,2,625.58,3,218.14,1.3024,0.3944,0.2322,0
19,0,434.26,264.49,4,1254.35,10,93.7,1.6419,2.8885,0.3909,1
27,2,2152.03,2239.51,1,174.7,1,-45.51,0.9609,0.0812,-0.0406,0
20,2,1535.53,1829.42,4,926.2,5,-516.78,0.8394,0.6032,-0.1914,1
22,0,787.05,776.81,0,0.0,3,-106.26,1.0132,0.0,0.013,1
25,0,314.17,234.94,0,0.0,1,-242.31,1.3372,0.0,0.2522,1
27,2,3638.58,4071.38,1,75.16,1,-436.99,0.8937,0.0207,-0.1189,1
29,0,763.47,815.9,1,181.68,2,129.86,0.9357,0.238,-0.0687,1
18,1,1043.4,1038.73,3,384.65,1,-173.34,1.0045,0.3687,0.0045,0
20,2,2298.53,2768.2,1,181.13,6,-373.81,0.8303,0.0788,-0.2043,1
21,1,1456.62,1673.61,1,82.81,1,239.82,0.8703,0.0569,-0.149,0
22,0,623.98,666.14,0,0.0,4,182.67,0.9367,0.0,-0.0676,1
30,0,334.41,356.26,6,1710.66,10,2.21,0.9387,5.1155,-0.0653,1
28,0,717.21,762.78,5,1635.72,6,86.51,0.9403,2.2807,-0.0635,1
22,2,2303.26,2228.67,1,277.68,4,-142.84,1.0335,0.1206,0.0324,0
30,0,753.6,696.89,0,0.0,6,-188.87,1.0814,0.0,0.0753,1
24,0,739.0,810.48,5,1886.12,9,-46.21,0.9118,2.5523,-0.0967,1
24,0,706.25,725.56,4,1216.86,8,38.95,0.9734,1.723,-0.0273,1
23,2,3898.5,3676.23,6,1408.13,3,325.14,1.0605,0.3612,0.057,1
19,0,425.86,293.27,1,122.4,5,21.86,1.4521,0.2874,0.3113,0
30,2,2972.9,3244.47,2,554.28,1,-261.18,0.9163,0.1864,-0.0913,0
18,1,1599.92,1683.43,0,0.0,6,-59.15,0.9504,0.0,-0.0522,1
20,2,3412.47,2865.02,2,578.33,1,490.11,1.1911,0.1695,0.1604,0
20,2,3343.16,2839.77,1,323.39,0,474.56,1.1773,0.0967,0.1506,0
21,2,1737.89,1342.88,0,0.0,5,163.64,1.2942,0.0,0.2273,1
19,2,2987.49,3804.09,3,1146.51,5,-793.8,0.7853,0.3838,-0.2733,1
18,0,449.76,540.67,6,1623.39,5,-43.47,0.8319,3.6095,-0.2021,1
26,1,1215.4,1206.57,4,1552.34,7,-56.44,1.0073,1.2772,0.0073,1
30,1,734.4,647.12,5,1844.99,3,169.04,1.1349,2.5122,0.1188,1
19,1,1755.94,1959.24,5,254.58,0,-38.99,0.8962,0.145,-0.1158,1
21,2,2653.7,2572.52,6,1639.0,6,176.14,1.0316,0.6176,0.0306,0
24,2,1741.31,2234.27,0,0.0,1,-529.66,0.7794,0.0,-0.2831,1
30,1,1123.27,717.3,1,153.32,1,358.06,1.566,0.1365,0.3614,0
27,1,1238.37,772.74,4,616.5,5,334.74,1.6026,0.4978,0.376,0
27,1,1563.99,1560.91,5,1095.48,5,16.9,1.002,0.7004,0.002,1
25,0,501.31,372.12,5,269.02,3,4.06,1.3472,0.5366,0.2577,1
23,0,377.1,385.78,5,662.64,8,184.47,0.9775,1.7572,-0.023,1
20,0,564.33,647.28,2,120.38,0,38.64,0.8718,0.2133,-0.147,0
29,0,343.18,239.09,2,555.39,8,271.58,1.4354,1.6184,0.3033,1
28,0,739.24,671.54,0,0.0,1,217.9,1.1008,0.0,0.0916,0
18,1,1720.62,1861.83,2,798.45,4,-176.45,0.9242,0.464,-0.0821,1
27,0,710.81,841.39,1,206.99,2,-194.09,0.8448,0.2912,-0.1837,1
19,2,3581.27,3393.04,6,846.3,2,439.63,1.0555,0.2363,0.0526,1
27,1,1187.21,883.65,0,0.0,2,255.72,1.3435,0.0,0.2557,1
28,0,792.3,800.27,2,179.21,3,-210.7,0.99,0.2262,-0.0101,1
19,0,423.95,389.25,6,2345.9,10,180.99,1.0891,5.5334,0.0818,1
23,0,337.97,385.4,6,1801.16,7,-12.98,0.8769,5.3293,-0.1403,1
19,2,2585.37,2556.68,2,452.75,4,247.81,1.0112,0.1751,0.0111,0
25,0,464.39,369.47,3,251.48,6,125.92,1.2569,0.5415,0.2044,0
30,1,924.61,1043.03,3,169.11,5,-129.81,0.8865,0.1829,-0.1281,1
19,2,2059.36,1981.98,5,1202.93,6,283.88,1.039,0.5841,0.0376,1
23,2,3790.87,2745.66,5,974.24,0,728.33,1.3807,0.257,0.2757,0
30,0,432.02,429.49,3,1034.8,5,-85.78,1.0059,2.3953,0.0059,1
21,0,393.93,497.86,2,549.61,4,-229.21,0.7912,1.3952,-0.2638,1
19,0,320.22,350.28,2,402.33,4,-359.32,0.9142,1.2564,-0.0939,1
24,0,482.18,390.16,4,516.41,3,222.46,1.2359,1.071,0.1908,1
24,0,739.48,811.66,5,1090.74,3,-155.07,0.9111,1.475,-0.0976,1
26,1,997.59,795.9,0,0.0,5,339.83,1.2534,0.0,0.2022,1
22,2,3105.65,3043.17,5,1417.27,1,103.91,1.0205,0.4564,0.0201,0
30,1,1087.24,1053.12,3,786.02,7,121.91,1.0324,0.7229,0.0314,0
24,1,1291.14,998.28,1,333.52,0,167.36,1.2934,0.2583,0.2268,0
21,0,710.82,599.59,0,0.0,2,4.21,1.1855,0.0,0.1565,1
30,2,2099.82,2644.78,2,295.05,4,-538.66,0.7939,0.1405,-0.2595,1
30,1,1331.91,1032.79,1,342.74,6,360.13,1.2896,0.2573,0.2246,1
24,2,2545.97,2955.16,0,0.0,5,-333.8,0.8615,0.0,-0.1607,1
18,2,3007.95,3209.96,2,594.7,0,-283.48,0.9371,0.1977,-0.0672,0
25,0,795.43,773.83,5,1174.15,7,-156.41,1.0279,1.4761,0.0272,1
25,0,691.14,481.21,5,1782.96,5,186.78,1.4363,2.5797,0.3037,1
19,0,768.78,571.36,1,129.72,6,99.94,1.3455,0.1687,0.2568,0
26,0,751.15,544.8,4,762.37,6,161.85,1.3788,1.0149,0.2747,0
28,2,1783.77,1802.96,3,986.04,1,-54.21,0.9894,0.5528,-0.0108,1
19,0,695.92,891.73,5,482.68,3,-254.54,0.7804,0.6936,-0.2814,1
27,1,1453.85,1765.07,1,332.84,5,-203.73,0.8237,0.2289,-0.2141,1
19,1,821.76,507.58,0,0.0,6,401.86,1.619,0.0,0.3823,1
27,0,303.36,240.14,2,187.85,4,341.35,1.2633,0.6192,0.2084,1
23,0,444.1,315.35,6,466.21,2,245.95,1.4083,1.0498,0.2899,1
18,1,760.72,975.98,3,1035.18,4,70.12,0.7794,1.3608,-0.283,1
30,1,1590.75,1216.81,0,0.0,5,227.15,1.3073,0.0,0.2351,0
20,0,609.86,451.86,6,904.89,6,-107.59,1.3497,1.4838,0.2591,1
25,0,450.63,466.23,5,453.63,2,-16.89,0.9665,1.0067,-0.0346,1
20,1,1270.22,1256.67,3,409.6,1,139.64,1.0108,0.3225,0.0107,0
30,0,783.38,593.88,5,622.73,2,280.95,1.3191,0.7949,0.2419,1
27,2,1943.33,2077.92,1,306.57,3,87.05,0.9352,0.1578,-0.0693,1
28,0,523.56,349.69,4,501.79,4,-232.73,1.4972,0.9584,0.3321,1
23,0,576.17,353.51,6,753.81,4,417.41,1.6299,1.3083,0.3864,1
24,1,928.5,610.67,3,183.88,6,331.66,1.5205,0.198,0.3423,1
26,1,1451.18,1241.35,0,0.0,4,-42.82,1.169,0.0,0.1446,0
28,1,841.12,1078.75,5,1455.71,6,-116.89,0.7797,1.7307,-0.2825,1
29,0,713.36,701.28,5,1393.61,4,35.98,1.0172,1.9536,0.0169,1
18,2,2186.46,2467.0,5,1245.05,4,-236.49,0.8863,0.5694,-0.1283,1
26,1,1330.41,1097.65,4,1552.5,7,350.35,1.2121,1.1669,0.175,1
19,1,1798.75,1984.99,0,0.0,0,-136.04,0.9062,0.0,-0.1035,1
21,0,521.07,665.06,0,0.0,2,-372.22,0.7835,0.0,-0.2763,1
28,0,652.62,555.01,5,1380.52,3,63.31,1.1759,2.1154,0.1496,1
21,1,1085.4,1410.31,5,397.28,1,-517.62,0.7696,0.366,-0.2993,1
28,0,581.49,608.75,0,0.0,0,70.9,0.9552,0.0,-0.0469,0
24,1,1672.22,1879.6,4,1018.14,4,1.88,0.8897,0.6089,-0.124,1
21,0,674.86,524.04,3,836.2,6,-69.43,1.2878,1.2391,0.2235,1
22,2,2160.8,2269.19,2,226.16,6,-187.04,0.9522,0.1047,-0.0502,1
24,1,857.5,821.23,4,812.49,2,-104.84,1.0442,0.9475,0.0423,1
27,2,1901.82,2414.33,6,2149.22,5,-582.79,0.7877,1.1301,-0.2695,1
25,1,1520.47,1875.15,5,627.0,2,-287.77,0.8109,0.4124,-0.2333,1
30,0,594.13,521.45,1,50.04,2,-10.09,1.1394,0.0842,0.1223,1
29,2,3999.94,5051.16,3,420.38,4,-863.72,0.7919,0.1051,-0.2628,1
27,1,960.86,1171.64,6,1323.84,6,-52.17,0.8201,1.3778,-0.2194,1
25,1,1055.76,1069.77,1,337.45,4,150.15,0.9869,0.3196,-0.0133,1
21,0,364.57,239.7,5,1375.76,5,-71.4,1.5209,3.7737,0.3425,1
23,1,975.56,695.14,3,1115.02,3,438.32,1.4034,1.143,0.2874,1
19,2,2330.61,1523.78,3,628.34,1,897.11,1.5295,0.2696,0.3462,0
22,1,1036.89,700.52,1,186.79,0,552.45,1.4802,0.1801,0.3244,0
30,0,496.02,636.82,6,785.98,2,-129.92,0.7789,1.5846,-0.2839,1
23,1,980.39,733.84,3,378.97,3,78.88,1.336,0.3866,0.2515,0
19,1,888.33,962.59,4,1230.55,2,-222.8,0.9229,1.3852,-0.0836,1
26,2,3330.99,3482.78,3,234.38,5,-304.43,0.9564,0.0704,-0.0456,1
30,0,300.32,312.87,0,0.0,0,-7.84,0.9599,0.0,-0.0418,1
29,0,622.44,463.53,5,1800.32,5,263.11,1.3428,2.8924,0.2553,1
21,2,2831.33,2847.02,2,503.84,6,184.16,0.9945,0.178,-0.0055,1
23,1,1098.77,1140.39,1,66.31,4,-108.01,0.9635,0.0603,-0.0379,1
24,1,885.34,884.71,5,1482.45,5,-5.26,1.0007,1.6744,0.0007,1
21,1,1140.03,832.58,1,227.34,0,213.37,1.3693,0.1994,0.2697,0
21,0,640.69,708.69,4,1396.33,3,-144.52,0.904,2.1794,-0.1061,1
21,1,1350.64,879.63,3,866.56,6,606.17,1.5355,0.6416,0.3487,1
30,0,779.54,790.33,5,257.78,5,43.04,0.9863,0.3307,-0.0138,1
27,0,653.63,591.78,0,0.0,6,64.63,1.1045,0.0,0.0946,0
28,1,1214.89,941.78,5,701.44,5,314.97,1.29,0.5774,0.2248,1
28,1,1059.82,1234.87,1,295.78,0,-36.78,0.8582,0.2791,-0.1652,1
30,2,3290.84,2379.69,6,1369.56,5,1023.88,1.3829,0.4162,0.2769,0
19,0,677.69,849.2,2,623.21,4,-306.17,0.798,0.9196,-0.2531,1
29,0,604.71,737.26,0,0.0,4,8.97,0.8202,0.0,-0.2192,1
18,2,3181.09,2711.6,3,493.75,2,482.1,1.1731,0.1552,0.1476,1
24,0,571.68,465.12,0,0.0,5,25.23,1.2291,0.0,0.1864,0
25,0,682.69,475.32,1,120.92,5,200.99,1.4363,0.1771,0.3038,0
22,0,560.43,695.73,5,951.37,8,-70.06,0.8055,1.6976,-0.2414,1
19,1,974.51,1012.78,3,729.03,4,133.43,0.9622,0.7481,-0.0393,1
20,2,2655.26,1652.23,4,1514.09,1,814.9,1.6071,0.5702,0.3778,0
28,1,1440.87,1379.92,6,803.41,4,252.87,1.0442,0.5576,0.0423,0
22,1,1009.87,666.57,3,849.39,4,268.17,1.515,0.8411,0.3399,1
22,0,516.16,517.0,3,310.17,1,-76.71,0.9984,0.6009,-0.0016,0
30,0,354.29,338.8,0,0.0,5,-64.74,1.0457,0.0,0.0437,0
19,1,918.0,604.04,2,107.94,0,143.51,1.5198,0.1176,0.342,0
29,0,718.81,841.8,5,1397.86,4,-373.29,0.8539,1.9447,-0.1711,1
29,0,542.19,424.87,0,0.0,4,223.52,1.2761,0.0,0.2164,0
25,0,324.36,317.56,2,226.23,7,301.92,1.0214,0.6975,0.021,1
20,0,308.25,322.84,0,0.0,4,-256.45,0.9548,0.0,-0.0473,1
20,1,1270.7,1618.38,6,1088.36,7,-442.92,0.7852,0.8565,-0.2736,1
21,1,1081.43,1022.67,3,644.87,5,158.42,1.0575,0.5963,0.0543,1
25,0,652.56,810.56,4,632.44,2,-179.35,0.8051,0.9692,-0.2421,1
19,1,1527.38,1295.83,4,1534.85,6,324.65,1.1787,1.0049,0.1516,1
23,1,1027.66,1233.4,1,151.73,2,-186.87,0.8332,0.1476,-0.2002,1
19,1,1367.35,1046.13,0,0.0,4,159.48,1.3071,0.0,0.2349,1
25,2,1823.16,1996.79,2,698.05,1,-224.71,0.913,0.3829,-0.0952,1
18,0,451.79,299.1,1,282.46,3,-198.15,1.5105,0.6252,0.338,1
27,2,3866.37,4988.53,2,325.94,4,-988.44,0.7751,0.0843,-0.2902,1
18,0,572.05,725.22,2,486.71,7,0.36,0.7888,0.8508,-0.2678,1
20,0,742.94,675.74,5,395.23,6,229.79,1.0994,0.532,0.0905,1
20,0,412.62,398.9,2,481.98,6,224.46,1.0344,1.1681,0.0333,1
28,1,1305.71,1329.79,1,200.99,3,44.61,0.9819,0.1539,-0.0184,0
18,0,535.48,424.38,6,1891.66,10,-255.73,1.2618,3.5326,0.2075,1
23,0,540.04,578.99,0,0.0,0,-131.19,0.9327,0.0,-0.0721,1
25,1,1383.84,1506.99,1,119.87,6,67.63,0.9183,0.0866,-0.089,1
24,0,357.22,345.63,2,157.08,1,253.15,1.0335,0.4397,0.0324,0
26,0,725.98,510.67,0,0.0,2,359.49,1.4216,0.0,0.2966,0
28,0,731.84,909.99,6,1421.72,8,-227.5,0.8042,1.9427,-0.2434,1
23,0,576.6,392.39,2,363.76,5,-56.59,1.4695,0.6309,0.3195,1
28,0,472.02,491.1,5,1349.98,9,-23.08,0.9611,2.86,-0.0404,1
22,0,559.61,376.15,0,0.0,4,170.61,1.4877,0.0,0.3278,0
30,0,446.23,313.37,3,1133.46,7,340.44,1.424,2.5401,0.2977,0
24,1,1666.9,1024.1,0,0.0,1,529.75,1.6277,0.0,0.3856,0
27,2,2247.85,1920.46,1,78.87,6,246.49,1.1705,0.0351,0.1456,0
29,1,1066.17,1117.03,2,311.35,4,-26.0,0.9545,0.292,-0.0477,1
28,1,1437.4,1387.21,6,1572.38,5,105.31,1.0362,1.0939,0.0349,1
29,2,3733.44,4002.91,2,279.22,2,-185.42,0.9327,0.0748,-0.0722,1
24,2,3785.09,4059.56,5,720.73,6,-314.73,0.9324,0.1904,-0.0725,1
18,1,1100.23,768.09,0,0.0,3,166.94,1.4324,0.0,0.3019,1
24,2,1800.78,1152.74,1,311.15,1,766.17,1.5622,0.1728,0.3599,0
20,2,2599.99,2698.14,4,1516.19,1,-316.24,0.9636,0.5832,-0.0378,1
29,1,1726.02,1824.85,3,517.9,4,155.29,0.9458,0.3001,-0.0573,0
21,1,971.83,961.81,3,355.26,5,-278.58,1.0104,0.3656,0.0103,1
20,0,730.37,563.87,4,788.89,2,69.18,1.2953,1.0801,0.228,1
21,0,541.45,632.16,0,0.0,4,69.61,0.8565,0.0,-0.1675,1
26,1,913.51,596.5,4,1586.03,8,306.47,1.5315,1.7362,0.347,1
25,1,1667.16,1738.21,6,1274.12,4,-273.31,0.9591,0.7642,-0.0426,1
30,0,680.97,465.98,5,1438.75,9,235.49,1.4614,2.1128,0.3157,1
23,1,720.63,762.51,1,369.83,1,-35.01,0.9451,0.5132,-0.0581,1
21,1,1251.36,1116.72,2,540.34,2,72.84,1.1206,0.4318,0.1076,0
18,2,2398.2,2644.43,6,823.69,3,-272.91,0.9069,0.3435,-0.1027,1
18,0,461.16,293.54,5,1312.97,6,125.06,1.571,2.8471,0.3635,1
22,0,493.51,487.86,6,1143.94,3,-81.49,1.0116,2.318,0.0114,1
30,1,1780.45,1248.83,6,1186.93,3,881.39,1.4257,0.6666,0.2986,1
24,2,1570.13,1692.08,3,1178.29,3,-168.72,0.9279,0.7504,-0.0777,1
29,2,1545.33,1056.96,0,0.0,1,424.46,1.4621,0.0,0.316,0
19,2,2417.42,1574.97,1,214.13,2,647.52,1.5349,0.0886,0.3485,0
19,2,2146.34,2359.23,2,211.91,2,41.52,0.9098,0.0987,-0.0992,0
28,0,696.01,448.56,5,562.45,7,22.19,1.5517,0.8081,0.3555,1
19,0,500.85,379.23,1,261.22,3,177.56,1.3207,0.5216,0.2428,1
18,0,661.24,778.49,2,625.71,3,-144.07,0.8494,0.9463,-0.1773,1
23,1,1488.38,1736.61,5,1363.8,3,-469.26,0.8571,0.9163,-0.1668,1
30,2,2443.48,2927.02,1,165.25,4,-495.97,0.8348,0.0676,-0.1979,1
26,0,495.22,410.18,4,283.47,1,137.7,1.2073,0.5724,0.1717,1
19,1,1024.08,992.98,3,643.78,6,-95.45,1.0313,0.6286,0.0304,1
28,0,689.68,787.16,6,1358.97,4,-55.24,0.8762,1.9704,-0.1413,1
28,0,446.3,310.58,3,959.18,5,365.01,1.437,2.1492,0.3041,1
28,0,701.94,777.1,3,822.3,1,-31.36,0.9033,1.1715,-0.1071,0
29,0,464.04,310.09,5,1774.7,10,-51.18,1.4965,3.8245,0.3318,1
21,2,3552.98,4403.12,6,1944.26,3,-1018.43,0.8069,0.5472,-0.2393,1
30,0,343.4,359.24,5,890.29,3,-58.64,0.9559,2.5926,-0.0461,1
22,2,3040.5,2874.23,4,1085.11,1,126.68,1.0578,0.3569,0.0547,0
28,1,1396.96,1312.18,6,1869.3,4,99.22,1.0646,1.3381,0.0607,1
25,0,734.73,534.11,6,2309.45,9,258.54,1.3756,3.1433,0.2731,1
28,0,741.42,624.38,5,989.12,2,349.13,1.1874,1.3341,0.1579,1
26,2,2511.12,2784.8,2,553.8,0,-212.15,0.9017,0.2205,-0.109,0
26,0,519.16,508.08,4,749.73,5,-162.8,1.0218,1.4441,0.0213,1
26,2,3995.38,3877.57,1,308.24,3,271.21,1.0304,0.0771,0.0295,1
28,0,365.01,268.89,3,1107.59,10,273.37,1.3575,3.0344,0.2633,1
27,1,1687.01,1827.46,3,1115.19,5,-108.29,0.9231,0.661,-0.0833,1
19,2,2934.66,2566.14,6,629.88,4,228.88,1.1436,0.2146,0.1256,1
28,0,767.78,558.89,3,364.3,2,299.84,1.3738,0.4745,0.2721,1
24,0,302.0,380.72,6,1885.35,10,-89.54,0.7932,6.2429,-0.2607,1
22,2,3446.52,3290.6,5,1354.27,4,-146.36,1.0474,0.3929,0.0452,1
24,0,423.24,410.38,5,1833.94,7,94.56,1.0313,4.3331,0.0304,1
30,0,399.48,514.11,1,159.83,2,19.9,0.777,0.4001,-0.2869,1
29,0,412.89,353.63,5,1734.04,10,271.67,1.1676,4.1998,0.1435,1
28,0,628.02,791.38,1,289.32,3,-249.16,0.7936,0.4607,-0.2601,1
24,1,1481.98,1610.09,4,473.64,3,-69.46,0.9204,0.3196,-0.0864,1
28,1,1015.58,1059.42,3,282.82,5,5.47,0.9586,0.2785,-0.0432,1
23,0,745.13,569.35,1,295.95,1,160.7,1.3087,0.3972,0.2359,0
26,2,2508.1,1595.73,6,632.77,1,729.07,1.5718,0.2523,0.3638,0
26,0,647.27,586.72,6,1968.09,10,51.25,1.1032,3.0406,0.0935,1
21,0,482.75,293.09,4,979.93,8,220.55,1.6471,2.0299,0.3929,1
21,1,1619.2,1052.0,0,0.0,2,556.36,1.5392,0.0,0.3503,1
18,2,3315.52,3370.98,1,146.44,6,139.27,0.9835,0.0442,-0.0167,1
19,0,782.14,865.93,1,394.35,2,-183.51,0.9032,0.5042,-0.1071,1
23,0,610.91,438.37,6,1816.55,8,126.86,1.3936,2.9735,0.2824,1
24,1,1042.95,1160.54,2,644.64,0,-169.87,0.8987,0.6181,-0.1127,1
20,2,1766.22,2233.93,0,0.0,4,-536.57,0.7906,0.0,-0.2648,1
23,0,717.76,804.05,4,1017.62,3,-323.12,0.8927,1.4178,-0.1202,1
25,0,634.22,728.91,6,2273.37,6,-80.89,0.8701,3.5845,-0.1493,1
21,1,1368.47,1492.31,3,763.01,5,-34.3,0.917,0.5576,-0.0905,1
22,0,742.58,562.37,3,696.05,2,122.04,1.3204,0.9373,0.2427,1
22,0,636.22,542.46,1,145.8,3,90.91,1.1728,0.2292,0.1474,0
24,0,621.36,785.7,6,891.65,8,-73.14,0.7908,1.435,-0.2645,1
22,0,394.88,419.7,0,0.0,6,185.86,0.9409,0.0,-0.0629,1
27,1,1163.4,1340.61,6,1003.01,4,-228.56,0.8678,0.8621,-0.1523,1
22,2,3254.91,4160.06,1,305.05,0,-1038.87,0.7824,0.0937,-0.2781,1
23,1,1162.81,886.07,0,0.0,2,236.47,1.3123,0.0,0.238,1
22,1,778.24,642.19,2,407.52,4,428.3,1.2119,0.5236,0.1748,1
20,2,1790.82,1882.8,0,0.0,2,-254.03,0.9511,0.0,-0.0514,1
26,0,330.91,204.19,0,0.0,5,207.87,1.6206,0.0,0.3829,0
21,0,711.06,710.96,1,53.33,6,173.79,1.0001,0.075,0.0001,1
21,2,3873.08,4516.33,4,1301.8,4,-960.75,0.8576,0.3361,-0.1661,1
28,0,702.27,721.45,5,1169.89,6,44.66,0.9734,1.6659,-0.0273,1
30,1,1318.97,1064.11,1,221.41,3,295.64,1.2395,0.1679,0.1932,0
26,1,1130.59,1251.42,4,997.22,2,-136.52,0.9034,0.882,-0.1069,1
29,0,315.1,221.27,2,461.49,6,-1.21,1.4241,1.4646,0.2978,1
29,1,1562.35,1915.97,3,489.97,6,-375.66,0.8154,0.3136,-0.2263,1
24,0,388.23,260.36,2,297.06,5,40.52,1.4911,0.7652,0.3294,1
28,0,325.9,392.53,6,1172.12,10,-92.47,0.8303,3.5966,-0.2044,1
22,1,950.3,901.33,3,1089.65,7,-20.17,1.0543,1.1466,0.0515,1
23,0,475.02,427.54,3,292.14,2,-7.8,1.1111,0.615,0.1,1
24,1,789.39,750.29,6,982.01,3,213.64,1.0521,1.244,0.0495,1
30,2,2292.83,1697.03,4,469.22,6,453.64,1.3511,0.2046,0.2599,1
29,2,3250.64,2991.82,1,199.5,3,-44.78,1.0865,0.0614,0.0796,0
24,0,448.66,536.06,1,96.72,5,92.04,0.837,0.2156,-0.1948,1
26,0,405.1,470.19,2,632.56,6,-93.16,0.8616,1.5615,-0.1607,1
20,0,454.62,324.66,0,0.0,0,57.54,1.4003,0.0,0.2859,0
28,0,401.57,430.24,4,1131.37,6,-45.64,0.9334,2.8174,-0.0714,1
25,2,2035.64,2442.33,3,431.1,2,-410.4,0.8335,0.2118,-0.1998,1
24,0,341.47,400.83,0,0.0,1,-124.92,0.8519,0.0,-0.1738,1
27,0,379.27,340.56,2,239.99,5,103.26,1.1137,0.6328,0.1021,1
26,2,3441.01,2180.45,5,1527.89,6,1152.25,1.5781,0.444,0.3663,1
18,0,739.73,926.01,6,2291.38,10,-205.74,0.7988,3.0976,-0.2518,1
21,0,328.65,288.27,6,765.67,4,-295.15,1.1401,2.3297,0.1229,1
20,0,406.34,346.48,6,2301.62,10,223.06,1.1728,5.6643,0.1473,1
27,1,716.94,811.33,4,655.38,2,-124.27,0.8837,0.9141,-0.1317,1
18,1,1281.2,1005.46,6,1471.48,1,373.08,1.2742,1.1485,0.2152,0
20,0,639.73,757.65,6,1773.34,8,-56.03,0.8444,2.772,-0.1843,1
25,2,1863.38,1217.23,4,478.98,6,657.61,1.5308,0.257,0.3468,1
27,2,2627.18,2938.5,2,411.33,0,-340.7,0.8941,0.1566,-0.1185,1
24,2,3429.02,4375.61,6,442.44,4,-797.81,0.7837,0.129,-0.2761,1
29,0,364.29,472.5,2,587.94,2,-246.84,0.771,1.6139,-0.297,1
29,0,490.0,610.86,1,195.82,5,-292.87,0.8021,0.3996,-0.2467,1
19,2,2779.26,3361.61,0,0.0,0,-536.9,0.8268,0.0,-0.2095,0
30,0,479.97,381.68,3,437.69,4,-11.04,1.2575,0.9119,0.2048,0
25,1,1655.73,2113.79,0,0.0,0,-147.74,0.7833,0.0,-0.2767,0
26,1,1097.85,1371.79,0,0.0,2,-175.19,0.8003,0.0,-0.2495,1
19,0,472.93,460.66,1,262.44,3,-95.44,1.0266,0.5549,0.0259,1
26,1,1267.48,1117.23,3,473.2,3,66.79,1.1345,0.3733,0.1185,0
27,2,2821.5,1908.71,3,340.87,5,914.64,1.4782,0.1208,0.3235,1
25,1,881.41,893.26,3,248.63,6,-19.94,0.9867,0.2821,-0.0134,1
19,0,585.76,638.7,3,838.42,4,-2.05,0.9171,1.4313,-0.0904,1
24,2,3778.72,3335.84,6,789.65,6,443.17,1.1328,0.209,0.1172,1
30,1,1107.05,978.88,1,250.49,2,-107.86,1.1309,0.2263,0.1158,1
27,1,1654.34,1656.52,3,1178.39,1,-325.0,0.9987,0.7123,-0.0013,1
19,2,3174.5,1966.44,4,642.35,4,1268.32,1.6143,0.2023,0.3806,1
30,1,890.64,1131.56,1,62.23,5,-128.72,0.7871,0.0699,-0.2705,1
30,0,543.52,436.41,1,99.99,2,37.82,1.2454,0.184,0.1971,0
20,0,392.24,274.03,0,0.0,4,271.97,1.4314,0.0,0.3014,1
28,0,347.28,209.7,2,424.3,4,132.1,1.6561,1.2218,0.3962,1
23,1,776.82,932.05,1,310.63,1,84.81,0.8335,0.3999,-0.1998,0
25,1,914.8,1101.64,1,153.76,2,-27.73,0.8304,0.1681,-0.2042,1
23,1,1546.26,1030.91,1,101.04,2,722.64,1.4999,0.0653,0.3333,0
28,0,490.71,346.72,4,1097.07,5,-72.68,1.4153,2.2357,0.2934,1
30,1,1300.2,1187.77,5,777.07,6,111.99,1.0947,0.5977,0.0865,0
28,2,2559.47,1868.39,3,753.93,2,795.99,1.3699,0.2946,0.27,1
30,0,346.13,385.96,0,0.0,4,4.35,0.8968,0.0,-0.1151,1
30,1,1641.17,1051.38,5,759.86,0,538.37,1.561,0.463,0.3594,0
19,1,1524.43,1501.25,1,229.37,2,-185.25,1.0154,0.1505,0.0152,1
21,1,1020.21,885.5,0,0.0,6,391.09,1.1521,0.0,0.132,1
27,0,449.71,416.19,3,876.3,8,-83.37,1.0805,1.9486,0.0745,1
25,1,1690.75,1517.16,2,626.03,6,-146.13,1.1144,0.3703,0.1027,1
18,2,1778.46,1257.75,2,640.8,0,444.06,1.414,0.3603,0.2928,0
19,1,759.09,572.5,6,1433.82,8,-167.71,1.3259,1.8889,0.2458,1
24,2,1900.11,1226.27,0,0.0,1,507.82,1.5495,0.0,0.3546,0
26,2,2820.6,1919.98,0,0.0,0,1209.05,1.4691,0.0,0.3193,0
20,0,587.03,754.06,4,1176.71,3,-200.83,0.7785,2.0045,-0.2845,1
20,1,1534.46,1221.2,2,569.04,5,63.02,1.2565,0.3708,0.2041,1
19,1,1289.94,1051.2,5,918.74,5,203.54,1.2271,0.7122,0.1851,1
25,2,2773.69,1911.0,0,0.0,4,795.72,1.4514,0.0,0.311,1
18,0,465.64,525.53,2,265.34,6,81.7,0.886,0.5698,-0.1286,1
25,0,635.05,791.84,1,104.51,0,-268.86,0.802,0.1646,-0.2469,1
24,2,2432.58,2804.34,0,0.0,0,-335.35,0.8674,0.0,-0.1528,1
24,0,667.1,686.33,3,416.52,6,-188.32,0.972,0.6244,-0.0288,1
26,1,1549.49,1811.76,5,1410.57,5,113.25,0.8552,0.9103,-0.1693,1
24,0,679.19,599.7,1,130.86,5,138.92,1.1325,0.1927,0.117,0
27,2,2564.98,3082.2,5,1398.86,3,-390.36,0.8322,0.5454,-0.2016,1
27,2,2089.43,2421.57,3,688.88,1,-359.98,0.8628,0.3297,-0.159,1
29,0,726.09,436.53,3,310.07,3,178.52,1.6633,0.427,0.3988,0
28,1,918.13,864.38,6,842.63,7,-56.45,1.0622,0.9178,0.0585,1
24,0,665.13,522.28,2,465.21,1,5.91,1.2735,0.6994,0.2148,0
24,1,1796.43,1186.3,1,306.59,0,711.93,1.5143,0.1707,0.3396,0
21,1,808.17,963.61,5,946.94,3,-212.2,0.8387,1.1717,-0.1923,1
25,2,2594.47,1571.12,0,0.0,3,557.89,1.6514,0.0,0.3944,1
19,0,619.14,687.94,6,919.66,6,-239.1,0.9,1.4854,-0.1111,1
30,0,557.47,720.1,5,416.46,2,7.46,0.7742,0.7471,-0.2917,1
28,1,775.42,726.89,6,352.81,6,6.81,1.0668,0.455,0.0626,1
19,1,1677.7,1442.6,3,1171.79,2,229.85,1.163,0.6985,0.1401,1
28,1,1580.49,1618.55,4,334.97,1,142.38,0.9765,0.2119,-0.0241,1
19,0,699.68,813.93,6,562.26,7,-226.33,0.8596,0.8036,-0.1633,1
27,0,780.94,599.9,0,0.0,2,238.17,1.3018,0.0,0.2318,0
19,2,2164.87,1678.84,2,564.45,4,395.83,1.2895,0.2607,0.2245,1
24,0,654.81,671.2,3,607.88,4,73.14,0.9756,0.9283,-0.025,1
26,0,678.46,853.45,4,1108.63,3,-221.75,0.795,1.634,-0.2579,1
27,2,3137.34,2537.82,4,1508.98,3,455.43,1.2362,0.481,0.1911,1
23,0,753.45,650.78,6,508.69,6,197.66,1.1578,0.6751,0.1363,1
29,1,1448.9,1876.81,3,405.9,0,-242.05,0.772,0.2801,-0.2953,1
28,0,589.58,426.48,1,351.11,6,103.19,1.3824,0.5955,0.2766,0
20,2,3558.32,2326.71,1,323.22,1,1231.15,1.5293,0.0908,0.3461,0
26,1,1747.53,1769.95,5,1989.95,7,221.79,0.9873,1.1387,-0.0128,1
27,2,3346.2,2064.56,3,479.6,6,1485.09,1.6208,0.1433,0.383,1
22,0,662.37,481.08,4,1522.84,9,103.93,1.3768,2.2991,0.2737,1
27,1,1705.47,1766.09,3,510.87,4,-145.76,0.9657,0.2995,-0.0355,1
29,1,1118.83,1187.82,5,1501.41,8,94.64,0.9419,1.3419,-0.0617,1
28,0,405.6,388.28,1,358.96,7,30.7,1.0446,0.885,0.0427,0
27,0,394.48,342.65,1,109.77,4,29.03,1.1513,0.2783,0.1314,0
26,0,728.25,730.68,5,609.87,7,15.43,0.9967,0.8374,-0.0033,1
21,2,3777.13,3967.38,3,760.01,2,-148.98,0.952,0.2012,-0.0504,1
28,1,1448.07,1683.29,5,1726.69,6,-177.48,0.8603,1.1924,-0.1624,1
22,1,774.4,894.37,0,0.0,6,82.2,0.8659,0.0,-0.1549,0
24,1,901.45,960.37,1,347.81,4,144.36,0.9386,0.3858,-0.0654,1
22,1,1749.38,2144.67,6,1020.55,0,-305.27,0.8157,0.5834,-0.226,1
22,1,1765.52,2095.0,5,960.9,1,-91.95,0.8427,0.5443,-0.1866,1
20,0,400.14,277.41,0,0.0,1,133.3,1.4424,0.0,0.3067,0
30,1,740.48,940.17,5,1845.09,6,-65.48,0.7876,2.4917,-0.2697,1
19,0,555.77,680.38,0,0.0,3,61.41,0.8169,0.0,-0.2242,1
19,2,3757.05,3098.25,0,0.0,5,814.73,1.2126,0.0,0.1754,1
30,2,3621.83,2224.27,6,611.03,1,1439.65,1.6283,0.1687,0.3859,0
25,0,532.3,544.43,0,0.0,1,82.17,0.9777,0.0,-0.0228,0
23,1,1370.44,1242.84,2,658.55,4,404.64,1.1027,0.4805,0.0931,0
27,0,430.83,484.55,0,0.0,0,-134.42,0.8891,0.0,-0.1247,1
22,2,1569.97,1518.51,4,616.89,6,16.26,1.0339,0.3929,0.0328,1
19,2,2369.67,1548.68,0,0.0,0,870.76,1.5301,0.0,0.3465,0
27,2,2913.59,2247.2,2,383.79,3,457.55,1.2965,0.1317,0.2287,1
20,0,794.09,967.02,2,672.14,7,-476.77,0.8212,0.8464,-0.2178,1
25,0,463.46,290.3,4,990.35,6,342.16,1.5965,2.1369,0.3736,1
30,0,344.2,384.01,3,599.35,7,-194.23,0.8963,1.7413,-0.1157,1
30,0,424.35,341.33,1,301.81,3,112.19,1.2432,0.7112,0.1956,1
22,0,329.21,301.84,3,630.76,7,-184.52,1.0907,1.916,0.0831,1
28,0,695.01,675.34,3,284.65,4,110.62,1.0291,0.4096,0.0283,0
25,2,3318.89,2572.33,2,175.24,3,532.84,1.2902,0.0528,0.2249,1
24,0,468.49,494.9,3,492.25,1,-197.69,0.9466,1.0507,-0.0564,1
19,0,631.02,684.92,2,522.01,7,-21.07,0.9213,0.8272,-0.0854,1
22,2,3228.54,2129.36,2,194.39,0,937.47,1.5162,0.0602,0.3405,0
26,1,1581.45,1362.81,5,1212.73,3,87.57,1.1604,0.7668,0.1383,1
30,1,1663.43,1864.81,1,144.36,4,-151.14,0.892,0.0868,-0.1211,1
18,1,967.08,1068.76,2,586.79,5,33.8,0.9049,0.6068,-0.1051,1
27,2,3881.56,3808.67,0,0.0,3,-52.34,1.0191,0.0,0.0188,0
29,1,945.79,1082.34,4,856.63,3,-255.0,0.8738,0.9057,-0.1444,1
30,1,741.31,500.64,4,273.17,2,211.05,1.4807,0.3685,0.3247,1
23,1,1478.61,1009.52,4,662.71,6,568.5,1.4647,0.4482,0.3173,0
19,0,339.13,359.56,1,55.45,2,200.65,0.9432,0.1635,-0.0602,1
21,0,679.01,736.95,3,642.55,6,-222.02,0.9214,0.9463,-0.0853,1
29,1,796.39,931.91,2,636.91,1,-155.16,0.8546,0.7997,-0.1702,0
29,0,342.49,248.9,5,425.39,5,258.35,1.376,1.2421,0.2733,1
26,1,1793.78,1725.15,2,614.66,4,357.74,1.0398,0.3427,0.0383,1
19,0,766.49,814.46,2,508.94,4,-190.23,0.9411,0.664,-0.0626,1
19,0,413.09,312.54,3,679.84,4,-12.91,1.3217,1.6457,0.2434,1
24,0,562.41,540.95,5,1299.1,7,73.46,1.0397,2.3099,0.0382,0
25,2,3912.84,4096.4,4,670.26,3,-253.29,0.9552,0.1713,-0.0469,1
18,0,780.11,585.17,5,1493.09,6,33.39,1.3331,1.9139,0.2499,1
26,1,1596.13,1377.29,2,645.77,6,244.94,1.1589,0.4046,0.1371,0
25,2,2851.5,2142.72,5,1611.89,4,963.94,1.3308,0.5653,0.2486,1
18,0,649.07,799.69,6,865.87,7,-303.06,0.8117,1.334,-0.2321,1
19,1,1601.99,1226.74,3,836.6,6,556.01,1.3059,0.5222,0.2342,1
23,0,462.39,316.54,4,407.33,2,44.62,1.4608,0.8809,0.3154,1
27,0,311.65,194.66,6,1340.38,10,167.47,1.601,4.3009,0.3754,1
28,1,825.6,521.34,5,254.6,4,460.7,1.5836,0.3084,0.3685,1
23,2,3087.1,2266.27,1,117.76,4,756.69,1.3622,0.0381,0.2659,0
21,0,626.55,642.68,5,1355.53,3,-60.98,0.9749,2.1635,-0.0257,1
30,1,1271.31,778.49,3,1068.08,6,557.6,1.633,0.8401,0.3876,1
23,0,689.18,551.84,1,67.16,1,111.36,1.2489,0.0974,0.1993,0
22,1,1425.55,913.37,2,490.99,2,511.3,1.5608,0.3444,0.3593,1
23,1,1135.76,1002.38,6,1637.23,6,111.75,1.1331,1.4415,0.1174,1
18,1,1155.32,732.48,6,2258.02,3,438.24,1.5773,1.9545,0.366,1
21,1,1365.77,1400.3,5,1396.5,1,-234.56,0.9753,1.0225,-0.0253,1
24,0,456.19,493.55,6,516.37,5,-186.08,0.9243,1.1319,-0.0819,1
29,1,1320.79,1468.63,4,405.44,1,-342.67,0.8993,0.307,-0.1119,1
27,1,1259.64,953.6,5,1362.59,6,283.92,1.3209,1.0817,0.243,1
28,1,1499.59,1811.43,1,125.47,6,-476.29,0.8278,0.0837,-0.208,1
25,0,633.05,685.72,2,749.81,3,-145.41,0.9232,1.1844,-0.0832,1
19,0,614.79,393.25,1,372.24,5,55.33,1.5634,0.6055,0.3604,1
23,0,767.84,697.61,6,2292.18,5,279.31,1.1007,2.9852,0.0915,1
30,0,699.08,795.15,4,610.13,7,-243.8,0.8792,0.8728,-0.1374,1
18,0,583.88,477.4,6,1805.59,5,-91.16,1.223,3.0924,0.1824,1
29,0,368.78,319.77,2,564.11,8,73.19,1.1533,1.5297,0.1329,0
26,1,1446.91,1505.83,2,124.92,5,195.02,0.9609,0.0863,-0.0407,1
21,0,330.8,211.33,4,571.79,4,108.25,1.5653,1.7285,0.3612,1
28,2,2885.18,3683.96,3,367.11,5,-825.88,0.7832,0.1272,-0.2769,1
28,1,1573.18,1136.05,2,359.57,4,501.15,1.3848,0.2286,0.2779,0
18,1,1030.27,637.4,2,767.14,5,491.56,1.6164,0.7446,0.3813,0
19,1,922.1,556.7,3,1037.88,3,453.09,1.6564,1.1256,0.3963,0
26,1,1085.81,955.17,0,0.0,1,35.38,1.1368,0.0,0.1203,0
30,1,1151.06,1403.12,1,235.51,4,-137.32,0.8204,0.2046,-0.219,1
18,2,3120.54,3662.99,0,0.0,0,-626.04,0.8519,0.0,-0.1738,1
26,1,1630.07,2018.73,1,147.1,2,-472.1,0.8075,0.0902,-0.2384,1
19,1,1493.01,1453.67,1,72.75,0,254.39,1.0271,0.0487,0.0263,0
26,1,891.39,814.84,0,0.0,0,276.83,1.0939,0.0,0.0859,0
26,1,1102.84,959.58,0,0.0,0,217.81,1.1493,0.0,0.1299,0
19,0,572.49,362.1,5,1717.38,4,-113.58,1.581,2.9998,0.3675,1
26,1,1455.4,1799.84,1,355.04,6,-505.54,0.8086,0.2439,-0.2367,1
29,1,972.99,921.74,3,318.06,5,-63.96,1.0556,0.3269,0.0527,1
29,2,3510.88,3224.91,0,0.0,6,185.23,1.0887,0.0,0.0815,0
18,1,1571.01,1509.14,6,582.89,0,-142.48,1.041,0.371,0.0394,0
21,1,1438.03,1662.23,1,180.8,6,-277.03,0.8651,0.1257,-0.1559,1
21,2,3214.97,2434.15,5,1152.19,4,859.28,1.3208,0.3584,0.2429,1
23,1,1066.15,1169.49,4,269.26,5,-32.15,0.9116,0.2526,-0.0969,1
19,0,535.09,587.28,5,524.34,7,-12.75,0.9111,0.9799,-0.0975,1
29,0,445.15,531.81,4,579.56,2,-224.55,0.837,1.3019,-0.1947,1
28,0,519.93,315.12,3,283.92,5,-58.43,1.6499,0.5461,0.3939,1
28,0,642.8,462.35,5,1884.67,8,-57.71,1.3903,2.932,0.2807,1
20,0,319.97,297.49,5,754.56,5,-232.75,1.0756,2.3582,0.0703,1
18,1,1220.7,1459.2,2,450.82,3,-201.42,0.8366,0.3693,-0.1954,1
29,1,918.28,1171.34,6,2392.72,4,-200.87,0.784,2.6057,-0.2756,1
21,0,641.28,651.8,6,1489.95,4,-155.11,0.9839,2.3234,-0.0164,1
26,1,1066.11,797.98,5,970.12,7,301.02,1.336,0.91,0.2515,1
29,0,626.31,456.71,6,2252.56,10,364.6,1.3714,3.5966,0.2708,1
18,2,2999.67,3142.49,0,0.0,3,185.63,0.9546,0.0,-0.0476,1
18,0,779.55,582.36,3,338.48,4,285.23,1.3386,0.4342,0.253,0
18,1,1678.12,1656.57,4,949.51,2,-2.84,1.013,0.5658,0.0128,1
20,0,666.16,788.98,6,1197.33,3,14.21,0.8443,1.7974,-0.1844,1
18,1,941.42,821.74,0,0.0,6,294.91,1.1456,0.0,0.1271,0
28,0,418.13,361.65,5,323.52,7,-240.21,1.1562,0.7737,0.1351,1
25,1,1563.87,977.89,0,0.0,1,855.15,1.5992,0.0,0.3747,0
30,0,512.01,398.27,2,597.48,6,4.72,1.2856,1.1669,0.2221,1
28,2,3599.4,3918.79,4,1560.68,3,-402.12,0.9185,0.4336,-0.0887,1
30,1,726.07,618.81,2,202.03,4,40.28,1.1733,0.2783,0.1477,1
21,1,976.39,694.03,5,680.93,1,301.26,1.4068,0.6974,0.2892,1
21,2,2153.14,1451.3,6,2258.13,4,464.6,1.4836,1.0488,0.326,1
29,2,3480.16,2319.66,1,270.72,0,1219.15,1.5003,0.0778,0.3335,0
21,0,702.15,745.26,1,63.32,5,45.43,0.9422,0.0902,-0.0614,1
18,0,518.77,533.73,0,0.0,2,17.69,0.972,0.0,-0.0288,1
26,0,653.12,628.93,4,1299.62,3,74.11,1.0385,1.9899,0.037,0
28,0,340.72,323.76,6,1491.7,10,-32.46,1.0524,4.3781,0.0498,1
30,1,1361.8,963.06,4,991.58,7,487.27,1.414,0.7281,0.2928,1
30,2,1597.3,1518.11,0,0.0,2,237.77,1.0522,0.0,0.0496,0
19,2,1818.14,1167.17,1,134.38,5,846.25,1.5577,0.0739,0.358,1
28,1,1507.88,1881.99,0,0.0,4,-310.54,0.8012,0.0,-0.2481,1
28,1,1440.33,922.7,3,794.5,3,654.77,1.561,0.5516,0.3594,1
27,2,2660.25,2384.84,5,1794.24,6,351.4,1.1155,0.6745,0.1035,1
28,2,1543.23,926.55,1,142.84,0,1078.06,1.6656,0.0926,0.3996,0
28,0,428.69,493.12,5,1442.27,10,125.54,0.8693,3.3644,-0.1503,1
23,1,841.13,602.52,1,103.33,2,193.56,1.396,0.1228,0.2837,0
18,2,3235.54,4036.15,3,330.5,0,-857.9,0.8016,0.1021,-0.2474,1
23,0,485.31,306.13,4,1462.11,10,114.5,1.5853,3.0127,0.3692,0
20,0,401.84,471.98,3,273.86,6,-115.52,0.8514,0.6815,-0.1745,1
19,2,2153.28,2281.72,3,175.56,5,-31.16,0.9437,0.0815,-0.0596,0
19,2,1708.75,1323.97,2,642.46,1,201.24,1.2906,0.376,0.2252,0
27,2,2854.87,2117.44,3,530.64,5,968.76,1.3483,0.1859,0.2583,0
24,1,1225.57,1042.19,1,188.83,4,-12.01,1.176,0.1541,0.1496,0
25,0,300.96,355.1,2,659.9,9,-293.52,0.8475,2.1927,-0.1799,1
27,0,776.46,934.37,5,564.89,3,-191.58,0.831,0.7275,-0.2034,1
25,1,1483.75,1072.31,6,1665.69,7,230.04,1.3837,1.1226,0.2773,1
26,1,1009.11,855.13,5,798.67,5,-57.09,1.1801,0.7915,0.1526,1
19,1,1042.71,798.97,2,172.99,1,164.45,1.3051,0.1659,0.2338,0
29,1,945.85,648.71,2,581.25,1,169.0,1.458,0.6145,0.3142,0
23,0,656.44,690.91,0,0.0,6,-33.12,0.9501,0.0,-0.0525,0
20,1,1755.8,1478.58,1,353.31,4,146.75,1.1875,0.2012,0.1579,0
28,0,787.22,596.53,4,1486.65,2,83.66,1.3197,1.8885,0.2422,1
27,0,319.66,385.57,1,347.17,1,-49.06,0.8291,1.0861,-0.2062,1
18,0,793.45,891.7,5,814.12,6,45.37,0.8898,1.0261,-0.1238,1
20,0,724.7,827.34,0,0.0,1,139.4,0.8759,0.0,-0.1416,0
18,2,3265.33,2048.79,2,724.96,1,1114.26,1.5938,0.222,0.3726,0
21,0,427.39,530.22,1,208.53,4,-42.86,0.8061,0.4879,-0.2406,1
19,0,371.23,372.09,3,893.13,9,-28.3,0.9977,2.4059,-0.0023,1
27,1,1347.37,1283.59,0,0.0,2,126.81,1.0497,0.0,0.0473,1
24,1,1269.51,771.11,2,294.38,4,560.45,1.6463,0.2319,0.3926,0
30,0,561.58,689.82,5,458.42,5,82.01,0.8141,0.8163,-0.2284,0
27,0,762.31,747.62,5,1343.45,6,-272.26,1.0196,1.7623,0.0193,1
25,0,610.04,718.39,1,256.57,4,-111.49,0.8492,0.4206,-0.1776,1
24,1,828.26,877.01,3,433.71,1,12.61,0.9444,0.5236,-0.0589,1
18,0,500.03,578.88,4,1018.59,7,-81.98,0.8638,2.0371,-0.1577,1
18,0,366.75,397.94,3,979.88,4,-173.05,0.9216,2.6718,-0.085,1
26,0,396.16,493.09,3,517.51,6,-275.99,0.8034,1.3063,-0.2447,1
18,1,1616.57,1225.1,2,269.62,5,478.9,1.3195,0.1668,0.2422,1
18,0,705.15,522.85,5,1518.75,8,31.57,1.3487,2.1538,0.2585,1
20,2,3862.91,4244.48,4,1300.22,0,-664.71,0.9101,0.3366,-0.0988,0
29,0,565.17,537.46,6,2304.01,10,158.58,1.0516,4.0767,0.049,1
23,1,1211.36,1234.88,5,508.28,3,45.3,0.981,0.4196,-0.0194,1
27,0,634.25,695.13,2,722.48,1,-62.16,0.9124,1.1391,-0.096,1
23,0,706.45,694.58,2,635.57,4,-126.8,1.0171,0.8997,0.0168,0
20,0,740.62,852.74,0,0.0,4,-139.92,0.8685,0.0,-0.1514,1
22,2,2772.56,2282.39,4,638.28,2,570.43,1.2148,0.2302,0.1768,0
19,2,2405.43,2889.63,5,288.84,5,-711.0,0.8324,0.1201,-0.2013,1
28,0,555.65,375.27,2,455.29,4,-40.61,1.4807,0.8194,0.3246,1
20,0,537.27,560.8,0,0.0,1,-117.91,0.958,0.0,-0.0438,1
22,2,2527.32,3091.15,5,757.19,4,-536.0,0.8176,0.2996,-0.2231,1
30,1,999.83,776.75,1,374.5,1,126.93,1.2872,0.3746,0.2231,0
25,0,497.96,412.7,4,414.16,1,187.78,1.2066,0.8317,0.1712,1
23,0,452.46,368.22,0,0.0,1,235.59,1.2288,0.0,0.1862,0
25,1,1577.73,1569.82,0,0.0,6,50.2,1.005,0.0,0.005,0
28,1,1554.9,1382.32,6,2060.39,5,234.63,1.1248,1.3251,0.111,1
21,1,1655.68,1118.53,4,597.02,2,579.37,1.4802,0.3606,0.3244,0
26,2,2570.42,3145.94,0,0.0,2,-612.24,0.8171,0.0,-0.2239,1
29,1,1212.33,901.09,0,0.0,6,92.39,1.3454,0.0,0.2567,1
25,0,733.42,714.25,3,1120.37,6,-138.4,1.0268,1.5276,0.0261,1
23,1,1521.54,1546.44,4,451.02,5,-220.58,0.9839,0.2964,-0.0164,1
19,0,761.47,478.6,2,243.2,4,267.3,1.591,0.3194,0.3715,0
21,0,403.68,269.25,6,2292.83,10,162.39,1.4993,5.6798,0.333,1
30,0,580.03,742.54,4,337.15,4,-348.25,0.7811,0.5813,-0.2802,1
25,0,568.31,605.34,4,1088.56,4,-28.03,0.9388,1.9154,-0.0652,1
21,1,1599.0,996.97,2,142.39,1,511.76,1.6039,0.089,0.3765,0
23,0,369.43,427.04,4,307.79,1,-221.15,0.8651,0.8331,-0.1559,1
25,0,754.97,721.74,6,1554.01,8,-62.55,1.046,2.0584,0.044,1
24,1,1791.7,1169.33,0,0.0,6,510.71,1.5322,0.0,0.3474,1
27,1,972.56,1046.99,5,1252.8,5,12.85,0.9289,1.2881,-0.0765,1
21,1,1040.38,987.89,6,1294.67,4,13.73,1.0531,1.2444,0.0505,1
26,2,1926.61,1432.33,3,929.48,0,662.25,1.3451,0.4824,0.2566,0
23,1,994.29,1207.46,5,1986.33,6,-262.54,0.8235,1.9977,-0.2144,1
30,0,431.77,347.13,2,293.05,2,29.54,1.2438,0.6787,0.196,1
20,1,963.79,770.25,1,163.2,4,475.35,1.2513,0.1693,0.2008,0
19,1,1133.15,896.26,5,815.34,3,-16.28,1.2643,0.7195,0.2091,1
24,0,548.85,624.16,2,634.29,7,130.11,0.8793,1.1557,-0.1372,1
24,0,346.61,379.29,5,859.03,9,224.95,0.9138,2.4784,-0.0943,1
26,0,336.52,414.66,2,573.72,3,51.52,0.8116,1.7049,-0.2322,1
23,1,1353.76,1029.59,2,412.12,2,266.28,1.3149,0.3044,0.2395,0
29,0,395.44,454.94,4,1050.93,9,151.84,0.8692,2.6576,-0.1505,1
24,0,604.15,604.83,2,680.31,1,-48.74,0.9989,1.1261,-0.0011,1
19,2,2993.2,2442.68,5,1149.6,3,325.29,1.2254,0.3841,0.1839,1
19,2,2127.27,1329.16,0,0.0,0,715.31,1.6005,0.0,0.3752,0
30,0,404.88,475.03,0,0.0,3,-142.59,0.8523,0.0,-0.1733,1
19,2,2534.7,1948.55,0,0.0,0,301.54,1.3008,0.0,0.2313,0
30,0,737.87,769.02,1,141.84,0,143.68,0.9595,0.1922,-0.0422,0
21,2,3760.82,3701.43,0,0.0,2,-59.29,1.016,0.0,0.0158,0
19,2,3138.22,1892.71,2,372.2,0,1163.77,1.6581,0.1186,0.3969,0
21,0,779.51,1010.28,0,0.0,5,-457.36,0.7716,0.0,-0.296,1
25,1,1203.76,1408.44,5,669.94,4,-164.43,0.8547,0.5565,-0.17,1
23,2,1646.35,1548.44,1,237.1,3,-99.5,1.0632,0.144,0.0595,0
28,2,3594.2,3868.22,6,2224.2,3,-456.48,0.9292,0.6188,-0.0762,1
25,2,3194.66,2982.59,5,775.98,5,215.88,1.0711,0.2429,0.0664,1
23,1,1300.66,1458.31,4,570.14,5,25.46,0.8919,0.4383,-0.1212,1
26,0,773.46,536.8,5,961.48,1,313.64,1.4409,1.2431,0.306,0
30,2,1762.01,1607.74,5,1943.57,5,231.41,1.096,1.103,0.0876,1
23,1,1039.75,868.06,5,1729.13,5,163.3,1.1978,1.663,0.1651,1
19,1,715.88,659.87,3,307.15,5,-1.63,1.0849,0.4291,0.0782,0
23,0,364.86,333.97,4,1059.25,9,141.55,1.0925,2.9032,0.0847,1
28,1,1247.32,873.33,3,981.46,5,195.02,1.4282,0.7869,0.2998,1
20,0,436.92,560.81,4,1275.21,8,0.62,0.7791,2.9186,-0.2836,1
30,1,1463.82,894.17,2,442.19,1,780.87,1.6371,0.3021,0.3892,0
25,0,345.18,209.54,0,0.0,5,-6.46,1.6473,0.0,0.393,1
25,1,1550.08,1335.25,6,1525.53,5,51.33,1.1609,0.9842,0.1386,1
22,2,3621.14,3745.21,4,482.02,1,-172.01,0.9669,0.1331,-0.0343,1
29,1,1382.95,1003.69,4,278.48,1,136.25,1.3779,0.2014,0.2742,0
18,1,1579.14,1536.88,1,179.32,3,-25.3,1.0275,0.1136,0.0268,0
21,0,776.92,859.23,5,358.39,2,124.44,0.9042,0.4613,-0.1059,1
23,2,1875.06,1248.49,3,564.76,4,444.83,1.5019,0.3012,0.3342,0
24,1,1288.99,1661.63,0,0.0,2,-142.86,0.7757,0.0,-0.2891,1
24,0,398.49,333.01,6,2073.02,8,4.12,1.1966,5.2022,0.1643,1
19,0,338.18,354.98,6,371.56,3,299.75,0.9527,1.0987,-0.0497,1
20,0,401.15,271.78,6,446.02,6,-1.4,1.476,1.1119,0.3225,1
19,1,1531.27,1679.25,3,853.36,5,-165.29,0.9119,0.5573,-0.0966,1
25,2,3895.88,4629.55,1,225.0,2,-898.81,0.8415,0.0578,-0.1883,1
22,1,876.3,590.36,0,0.0,5,203.4,1.4843,0.0,0.3263,1
25,0,625.91,430.69,5,1659.68,3,383.45,1.4533,2.6516,0.3119,1
25,2,2495.87,1988.54,6,754.64,6,462.01,1.2551,0.3024,0.2033,1
27,0,520.51,316.65,0,0.0,5,342.55,1.6438,0.0,0.3917,0
25,2,3817.35,4925.28,4,1249.31,0,-1267.96,0.7751,0.3273,-0.2902,1
26,0,417.11,424.98,0,0.0,4,91.86,0.9815,0.0,-0.0189,1
25,1,1433.8,1470.09,5,940.27,3,-185.24,0.9753,0.6558,-0.0253,1
26,2,2004.97,2548.87,0,0.0,6,-631.22,0.7866,0.0,-0.2713,1
26,0,410.07,484.88,6,2213.9,9,-43.82,0.8457,5.3988,-0.1824,1
22,1,1115.82,1305.48,1,61.96,6,-130.74,0.8547,0.0555,-0.17,1
21,2,3165.33,2651.44,2,539.38,6,367.84,1.1938,0.1704,0.1623,0
28,0,798.13,665.96,4,505.43,1,228.88,1.1985,0.6333,0.1656,0
22,0,789.81,635.18,5,1079.74,5,278.14,1.2434,1.3671,0.1958,1
25,1,1456.61,1227.47,2,396.79,4,460.54,1.1867,0.2724,0.1573,1
20,0,340.34,292.24,6,1118.96,5,-134.48,1.1646,3.2878,0.1413,1
23,0,461.79,322.33,0,0.0,6,328.18,1.4327,0.0,0.302,0
24,1,1329.16,1128.67,3,992.78,2,497.02,1.1776,0.7469,0.1508,1
26,1,1113.91,1016.69,6,1096.99,2,35.11,1.0956,0.9848,0.0873,0
24,0,347.62,283.85,1,360.52,4,-198.71,1.2247,1.0371,0.1834,1
22,0,526.6,376.91,3,522.4,4,-48.92,1.3972,0.992,0.2843,1
30,2,2080.62,1792.22,3,1031.7,0,146.55,1.1609,0.4959,0.1386,0
24,1,1600.73,1499.3,2,481.13,6,377.08,1.0677,0.3006,0.0634,0
28,2,2898.3,3201.2,5,924.84,1,-274.29,0.9054,0.3191,-0.1045,1
27,0,478.56,525.39,3,889.23,2,-137.06,0.9109,1.8581,-0.0979,1
25,2,2195.15,1628.55,4,1301.32,3,409.61,1.3479,0.5928,0.2581,1
29,1,872.07,545.62,3,656.83,7,151.41,1.5983,0.7532,0.3743,1
19,0,569.2,462.57,6,1193.38,3,217.04,1.2305,2.0966,0.1873,1
29,2,3255.94,2311.7,3,756.29,3,1021.17,1.4085,0.2323,0.29,0
29,1,1420.91,1246.21,5,1274.04,7,438.62,1.1402,0.8966,0.1229,1
24,0,376.23,483.66,4,795.67,9,13.94,0.7779,2.1148,-0.2855,1
27,0,380.79,276.74,5,1575.91,7,205.05,1.376,4.1385,0.2732,1
24,1,1642.96,1352.5,6,1139.42,5,176.25,1.2148,0.6935,0.1768,1
21,0,431.89,478.35,1,208.55,5,-204.32,0.9029,0.4829,-0.1076,0
28,0,386.18,369.35,2,523.72,6,-113.43,1.0456,1.3562,0.0436,1
21,0,764.88,482.45,2,790.79,5,85.04,1.5854,1.0339,0.3692,0
22,0,321.5,229.29,3,423.72,6,228.58,1.4022,1.3179,0.2868,0
24,0,582.57,730.94,3,393.55,4,-162.04,0.797,0.6755,-0.2547,1
28,1,764.53,513.93,0,0.0,0,405.07,1.4876,0.0,0.3278,1
22,0,425.3,444.25,6,1747.83,10,4.12,0.9573,4.1096,-0.0446,1
24,0,526.39,607.78,6,1243.1,7,-124.71,0.8661,2.3616,-0.1546,1
18,1,1518.23,1193.04,4,744.05,5,146.75,1.2726,0.4901,0.2142,0
19,0,660.64,731.69,2,242.86,6,-9.54,0.9029,0.3676,-0.1075,1
18,1,1776.87,1277.44,5,1809.49,3,419.77,1.391,1.0184,0.2811,1
18,0,396.69,317.08,1,205.11,6,220.55,1.2511,0.5171,0.2007,1
29,0,457.44,374.31,2,525.39,1,-40.37,1.2221,1.1485,0.1817,1
28,0,751.18,974.66,6,536.31,7,-127.94,0.7707,0.714,-0.2975,1
28,1,1622.5,1217.2,6,526.74,0,685.16,1.333,0.3246,0.2498,0
18,0,773.45,534.02,4,294.3,4,243.02,1.4484,0.3805,0.3096,1
19,2,2467.54,3079.45,1,178.57,4,-405.42,0.8013,0.0724,-0.248,1
21,0,631.46,450.45,0,0.0,4,245.26,1.4018,0.0,0.2867,1
25,1,1716.19,2086.02,6,813.61,6,-93.85,0.8227,0.4741,-0.2155,0
22,1,891.21,940.51,1,172.39,3,12.56,0.9476,0.1934,-0.0553,1
24,0,555.44,557.55,4,208.76,0,103.11,0.9962,0.3758,-0.0038,0
20,1,1201.58,1352.9,2,345.76,4,-124.82,0.8882,0.2878,-0.1259,1
27,0,620.19,687.29,3,275.13,2,-189.66,0.9024,0.4436,-0.1082,1
22,0,573.07,388.18,6,569.61,5,14.19,1.4763,0.994,0.3226,1
18,0,362.01,470.48,4,206.31,2,88.07,0.7694,0.5699,-0.2996,1
27,1,1664.32,2095.92,3,881.2,0,-619.2,0.7941,0.5295,-0.2593,1
29,2,2573.61,3159.4,2,751.9,4,-459.15,0.8146,0.2922,-0.2276,1
18,0,723.42,749.18,1,267.54,0,34.49,0.9656,0.3698,-0.0356,0
23,1,942.11,910.03,3,251.01,2,162.2,1.0353,0.2664,0.0341,0
28,1,1168.45,1139.7,3,1189.13,5,-54.49,1.0252,1.0177,0.0246,0
27,0,521.19,318.16,0,0.0,6,95.4,1.6381,0.0,0.3896,1
29,1,706.16,670.59,2,427.76,2,87.63,1.053,0.6058,0.0504,1
23,1,1557.18,1614.23,4,351.02,2,-92.26,0.9647,0.2254,-0.0366,1
22,2,2644.46,2806.02,0,0.0,2,-346.49,0.9424,0.0,-0.0611,1
27,2,3827.88,3186.7,6,2319.08,4,901.27,1.2012,0.6058,0.1675,1
19,0,429.9,399.76,6,1935.27,7,-93.47,1.0754,4.5017,0.0701,1
21,0,420.74,439.85,4,1073.88,6,-165.46,0.9566,2.5524,-0.0454,1
25,1,805.68,724.96,0,0.0,5,33.37,1.1113,0.0,0.1002,1
26,0,483.36,615.56,3,1176.81,3,88.71,0.7852,2.4346,-0.2735,1
19,0,658.76,720.56,6,453.55,7,-373.94,0.9142,0.6885,-0.0938,1
24,2,2483.07,1492.06,0,0.0,3,1082.27,1.6642,0.0,0.3991,1
22,0,634.52,391.05,5,1703.92,8,109.85,1.6226,2.6854,0.3837,1
24,1,1633.97,1769.93,5,503.95,4,-78.28,0.9232,0.3084,-0.0832,1
30,2,3257.64,2895.56,0,0.0,6,207.58,1.125,0.0,0.1111,1
18,0,714.1,848.09,1,148.52,4,170.13,0.842,0.208,-0.1876,0
30,1,742.05,535.1,5,676.03,7,176.58,1.3868,0.911,0.2789,1
23,2,2942.84,1794.19,6,354.02,2,872.78,1.6402,0.1203,0.3903,0
28,1,1327.53,1157.15,5,1240.94,2,88.29,1.1472,0.9348,0.1283,1
23,0,497.56,554.9,3,571.3,5,-41.64,0.8967,1.1482,-0.1152,1
22,0,700.04,896.2,4,972.23,3,-119.48,0.7811,1.3888,-0.2802,1
28,2,3115.79,3796.77,3,469.73,0,-532.85,0.8206,0.1508,-0.2186,1
26,0,651.83,611.97,4,1518.05,4,37.2,1.0651,2.3289,0.0612,1
19,1,869.97,1016.97,5,1284.86,3,-358.49,0.8555,1.4769,-0.169,1
27,0,593.07,385.04,0,0.0,0,154.87,1.5403,0.0,0.3508,0
27,0,359.39,359.6,1,172.5,5,90.77,0.9994,0.48,-0.0006,1
23,2,1891.49,2358.7,0,0.0,4,-554.59,0.8019,0.0,-0.247,1
30,1,1235.39,1084.02,5,1617.21,2,228.02,1.1396,1.3091,0.1225,1
26,2,2532.36,3221.34,5,1697.91,2,-541.39,0.7861,0.6705,-0.2721,1
22,0,755.04,569.66,0,0.0,6,101.3,1.3254,0.0,0.2455,1
18,1,850.12,572.93,0,0.0,6,403.93,1.4838,0.0,0.3261,1
26,2,2560.76,2477.11,1,281.36,0,-197.59,1.0338,0.1099,0.0327,1
20,0,623.56,770.14,1,101.01,4,-225.55,0.8097,0.162,-0.2351,1
27,0,509.83,416.99,3,730.15,4,275.94,1.2226,1.4321,0.1821,1
24,2,2622.82,3042.77,3,405.36,2,-135.71,0.862,0.1546,-0.1601,1
24,0,314.54,225.98,2,111.52,4,416.16,1.3919,0.3545,0.2816,1
20,1,1275.81,1431.33,1,353.42,6,-132.95,0.8913,0.277,-0.1219,1
27,2,1522.06,1506.72,4,888.37,4,80.75,1.0102,0.5837,0.0101,1
20,0,586.99,424.11,5,1617.97,10,269.4,1.3841,2.7564,0.2775,1
23,0,378.12,416.94,4,1212.05,9,156.17,0.9069,3.2055,-0.1027,1
28,0,525.35,577.69,5,1988.98,10,4.02,0.9094,3.786,-0.0996,1
29,0,484.74,465.74,6,1219.7,8,154.19,1.0408,2.5162,0.0392,1
30,0,437.1,331.25,5,998.21,8,184.54,1.3195,2.2837,0.2422,1
30,1,1329.97,921.14,4,594.46,1,452.35,1.4438,0.447,0.3074,0
25,0,454.83,577.67,0,0.0,6,-251.36,0.7874,0.0,-0.2701,1
20,1,805.34,852.91,2,440.28,6,-82.83,0.9442,0.5467,-0.0591,1
28,0,761.61,888.39,2,610.13,5,-176.38,0.8573,0.8011,-0.1665,1
28,0,569.64,619.7,4,699.12,5,-220.52,0.9192,1.2273,-0.0879,1
30,0,608.51,718.43,5,478.98,7,-367.16,0.847,0.7871,-0.1806,1
26,1,1083.49,773.33,4,1407.41,2,175.31,1.4011,1.299,0.2863,1
19,1,1502.17,1423.85,2,679.63,0,24.74,1.055,0.4524,0.0521,1
24,0,350.48,373.96,5,864.25,9,-9.98,0.9372,2.4659,-0.067,1
23,2,1662.74,1117.98,4,1166.49,4,569.53,1.4873,0.7015,0.3276,1
28,1,1377.89,971.37,5,1111.71,6,364.56,1.4185,0.8068,0.295,1
23,0,393.23,410.45,4,1265.36,7,-54.96,0.958,3.2179,-0.0438,1
22,2,1611.51,1946.86,4,746.19,3,-438.59,0.8277,0.463,-0.2081,1
19,0,461.6,490.35,2,474.95,1,100.42,0.9414,1.0289,-0.0623,1
28,0,595.54,372.42,2,140.47,2,148.34,1.5991,0.2359,0.3747,0
27,1,1291.29,1651.95,1,111.22,0,-431.58,0.7817,0.0861,-0.2793,1
18,0,643.38,448.86,1,323.62,3,129.91,1.4334,0.503,0.3023,1
23,0,752.6,574.08,4,734.19,1,72.65,1.311,0.9755,0.2372,0
24,1,1308.15,1677.67,2,124.57,5,-463.56,0.7797,0.0952,-0.2825,1
24,0,629.38,717.32,0,0.0,2,-175.8,0.8774,0.0,-0.1397,1
29,2,3371.79,4233.63,0,0.0,5,-945.17,0.7964,0.0,-0.2556,1
19,2,3314.3,3859.95,6,1807.62,0,-440.33,0.8586,0.5454,-0.1646,1
21,1,1172.59,1238.51,3,531.66,0,11.17,0.9468,0.4534,-0.0562,0
20,1,1763.42,1409.3,4,1243.26,3,487.25,1.2513,0.705,0.2008,1
21,1,1777.75,1473.43,6,2101.93,6,436.26,1.2065,1.1824,0.1712,1
29,2,3599.74,4546.79,0,0.0,5,-557.01,0.7917,0.0,-0.2631,1
30,0,757.66,911.04,6,1980.79,6,-42.06,0.8316,2.6144,-0.2024,1
18,0,559.29,476.32,4,377.63,5,164.18,1.1742,0.6752,0.1483,1
26,1,793.32,683.28,4,781.4,5,35.71,1.161,0.985,0.1387,1
21,1,1120.92,906.14,3,252.44,4,357.75,1.237,0.2252,0.1916,1
20,0,685.41,567.72,4,273.54,5,2.82,1.2073,0.3991,0.1717,0
21,1,1747.26,2101.02,1,72.58,0,-579.38,0.8316,0.0415,-0.2025,1
20,0,683.93,415.39,2,173.33,3,496.54,1.6465,0.2534,0.3926,1
24,2,3844.27,3479.97,6,2055.02,5,211.71,1.1047,0.5346,0.0948,1
30,0,594.75,749.38,1,240.29,3,-90.26,0.7937,0.404,-0.26,1
25,0,732.59,717.82,5,1907.93,4,-120.04,1.0206,2.6044,0.0202,1
27,0,458.99,420.12,6,1429.8,8,196.45,1.0925,3.1151,0.0847,1
24,0,541.77,443.52,4,1080.2,4,296.27,1.2215,1.9938,0.1814,1
18,0,775.52,505.44,2,229.14,3,345.79,1.5343,0.2955,0.3483,1
19,0,699.11,529.32,5,1196.02,5,361.0,1.3208,1.7108,0.2429,1
21,0,743.52,493.19,5,924.28,5,255.76,1.5076,1.2431,0.3367,1
21,0,492.62,339.26,3,1128.01,9,487.61,1.452,2.2898,0.3113,1
28,0,798.25,570.32,0,0.0,4,339.99,1.3997,0.0,0.2855,0
28,0,376.28,305.32,3,358.42,7,-59.03,1.2324,0.9525,0.1886,1
29,0,559.39,339.95,3,801.14,2,244.29,1.6455,1.4322,0.3923,1
26,0,539.64,682.7,1,273.36,5,-144.72,0.7904,0.5066,-0.2651,1
25,0,699.22,480.14,2,493.77,3,118.51,1.4563,0.7062,0.3133,0
26,0,754.31,654.9,1,93.52,5,-177.45,1.1518,0.124,0.1318,1
23,0,665.57,809.11,4,1115.62,2,-68.09,0.8226,1.6762,-0.2157,1
26,1,1405.31,948.02,3,989.04,4,264.97,1.4824,0.7038,0.3254,1
28,2,3500.71,3285.5,5,854.15,0,-155.2,1.0655,0.244,0.0615,0
27,2,3560.65,4241.98,3,690.28,4,-638.74,0.8394,0.1939,-0.1913,1
25,1,1062.11,1051.35,4,362.86,1,-104.55,1.0102,0.3416,0.0101,0
18,1,971.6,726.02,5,1878.71,3,92.44,1.3383,1.9336,0.2528,1
27,0,551.52,614.87,1,88.34,0,-530.91,0.897,0.1602,-0.1149,0
22,1,909.57,979.55,3,368.8,1,-194.43,0.9286,0.4055,-0.0769,1
27,1,901.5,769.46,5,772.34,7,73.77,1.1716,0.8567,0.1465,1
25,2,2308.66,1460.01,4,1356.11,6,621.9,1.5813,0.5874,0.3676,1
29,2,2206.49,1336.04,1,295.23,0,860.8,1.6515,0.1338,0.3945,0
22,0,564.49,664.84,5,262.28,6,117.05,0.8491,0.4646,-0.1778,1
30,1,805.47,664.59,1,114.25,4,222.88,1.212,0.1418,0.1749,0
28,2,2345.04,1633.18,6,1875.32,3,917.69,1.4359,0.7997,0.3036,1
22,0,537.21,517.33,4,765.37,8,181.08,1.0384,1.4247,0.037,1
24,2,2958.91,3682.61,2,118.35,1,-724.38,0.8035,0.04,-0.2446,1
24,0,315.62,191.25,1,387.37,2,172.44,1.6503,1.2273,0.394,1
27,2,2016.06,1288.87,6,617.59,1,744.52,1.5642,0.3063,0.3607,0
26,1,1710.27,1525.44,3,685.99,1,94.17,1.1212,0.4011,0.1081,0
29,0,507.84,545.0,5,684.55,5,-145.21,0.9318,1.348,-0.0732,1
22,1,1585.18,1479.4,5,1540.57,1,156.4,1.0715,0.9719,0.0667,1
24,0,568.92,698.8,0,0.0,1,-356.71,0.8141,0.0,-0.2283,1
23,1,1094.3,690.35,4,756.11,3,136.14,1.5851,0.691,0.3691,1
29,1,1011.34,847.6,2,560.91,4,68.58,1.1932,0.5546,0.1619,1
21,1,1164.77,985.33,6,2209.05,8,215.19,1.1821,1.8966,0.1541,1
25,2,3934.08,3297.11,1,335.18,0,557.5,1.1932,0.0852,0.1619,0
19,0,753.85,709.66,0,0.0,4,187.57,1.0623,0.0,0.0586,0
29,0,335.54,387.01,4,818.07,3,-174.58,0.867,2.4381,-0.1534,1
22,0,525.46,432.2,3,1081.22,9,-67.79,1.2158,2.0577,0.1775,1
22,0,403.69,452.59,3,186.09,1,28.02,0.892,0.461,-0.1211,0
25,0,561.89,394.74,1,57.98,5,58.71,1.4234,0.1032,0.2975,0
24,0,440.12,436.82,3,366.09,6,-88.13,1.0076,0.8318,0.0075,1
29,0,730.0,629.67,6,2038.01,6,-207.04,1.1593,2.7918,0.1374,1
24,0,498.18,486.94,5,518.12,3,52.21,1.0231,1.04,0.0226,1
24,2,2453.47,1657.13,6,899.09,2,1032.72,1.4806,0.3665,0.3246,0
19,0,424.44,537.95,2,540.35,4,-243.15,0.789,1.2731,-0.2674,1
18,2,3220.31,3974.99,6,686.91,3,-444.7,0.8101,0.2133,-0.2344,1
23,0,502.08,591.69,2,312.18,4,-103.5,0.8486,0.6218,-0.1785,1
30,0,568.24,696.06,6,1280.52,6,-399.02,0.8164,2.2535,-0.2249,1
29,1,1468.4,1031.82,6,779.03,5,288.45,1.4231,0.5305,0.2973,0
26,0,781.01,743.99,1,397.34,3,-115.13,1.0498,0.5088,0.0474,1
26,0,653.42,537.46,6,643.24,3,51.37,1.2158,0.9844,0.1775,1
23,1,1131.43,1381.67,4,1389.91,3,-135.88,0.8189,1.2285,-0.2212,1
20,0,447.53,327.86,5,1072.67,8,393.27,1.365,2.3969,0.2674,1
18,0,694.53,523.65,4,380.77,0,-41.75,1.3263,0.5482,0.246,0
22,1,1789.69,1934.12,1,91.47,2,-182.03,0.9253,0.0511,-0.0807,1
22,0,605.88,401.23,6,1350.62,5,82.36,1.5101,2.2292,0.3378,1
20,2,2929.17,3259.16,0,0.0,4,-482.28,0.8987,0.0,-0.1127,1
21,0,626.99,493.87,5,660.55,1,149.83,1.2695,1.0535,0.2123,0
18,2,2479.79,2635.16,1,385.63,3,-111.75,0.941,0.1555,-0.0627,1
25,1,740.38,896.69,5,1060.91,6,-404.03,0.8257,1.4329,-0.2111,1
30,2,3388.3,3478.86,2,750.17,6,-61.2,0.974,0.2214,-0.0267,1
26,2,2773.92,2077.33,1,107.4,3,507.0,1.3353,0.0387,0.2511,0
23,0,542.16,343.95,1,114.21,6,146.82,1.5763,0.2107,0.3656,1
23,1,918.26,579.63,2,517.22,4,473.29,1.5842,0.5633,0.3688,0
21,0,703.42,465.78,6,866.74,6,310.12,1.5102,1.2322,0.3378,1
19,2,2434.74,2449.04,5,573.64,1,12.33,0.9942,0.2356,-0.0059,0
25,1,988.79,834.29,4,332.56,6,68.41,1.1852,0.3363,0.1563,1
25,0,334.81,257.86,4,306.78,2,85.26,1.2984,0.9163,0.2298,1
18,2,3504.19,2640.46,2,627.22,0,914.09,1.3271,0.179,0.2465,0
23,0,340.39,430.26,6,892.54,3,-16.34,0.7911,2.6221,-0.264,1
21,1,849.68,580.48,1,392.45,4,211.21,1.4638,0.4619,0.3168,0
20,1,914.32,743.68,6,684.55,5,153.98,1.2295,0.7487,0.1866,1
27,0,717.94,667.71,2,348.11,1,-153.45,1.0752,0.4849,0.07,0
24,1,748.56,449.37,2,362.44,6,104.72,1.6658,0.4842,0.3997,1
26,2,2797.87,3482.42,3,675.16,1,-501.44,0.8034,0.2413,-0.2447,1
27,0,358.74,240.13,5,1773.61,10,231.35,1.4939,4.944,0.3306,1
30,1,863.59,930.72,4,1368.68,5,-37.75,0.9279,1.5849,-0.0777,1
28,0,387.5,403.08,5,267.42,5,206.05,0.9613,0.6901,-0.0402,1
26,1,1788.75,2086.3,0,0.0,5,-215.9,0.8574,0.0,-0.1663,1
29,0,402.53,425.06,1,339.78,7,-55.78,0.947,0.8441,-0.056,1
24,2,3952.26,4499.93,5,250.35,5,-769.17,0.8783,0.0633,-0.1386,1
30,2,2147.87,1922.07,6,1420.64,6,399.81,1.1175,0.6614,0.1051,1
27,0,607.21,572.05,0,0.0,6,143.84,1.0615,0.0,0.0579,0
26,0,673.09,734.45,6,1166.81,4,222.29,0.9165,1.7335,-0.0912,1
29,1,1445.09,1442.05,1,197.11,3,327.82,1.0021,0.1364,0.0021,1
24,1,1135.34,1087.74,6,1122.68,2,-155.81,1.0438,0.9888,0.0419,1
27,0,330.81,246.09,6,2173.1,10,-103.9,1.3443,6.569,0.2561,1
21,0,524.4,409.39,4,951.05,8,-334.97,1.2809,1.8136,0.2193,1
30,0,401.24,341.43,1,366.31,7,191.37,1.1752,0.9129,0.1491,1
26,2,2571.59,1559.67,5,1521.8,5,1021.15,1.6488,0.5918,0.3935,1
28,1,1524.98,1360.52,0,0.0,5,150.03,1.1209,0.0,0.1078,1
23,2,3169.49,1907.84,2,445.49,5,1071.89,1.6613,0.1406,0.3981,0
29,1,1358.56,1352.46,4,745.8,1,-7.4,1.0045,0.549,0.0045,0
18,2,2092.76,2287.01,0,0.0,1,-167.38,0.9151,0.0,-0.0928,1
19,0,392.76,390.21,2,231.32,3,119.81,1.0065,0.589,0.0065,1
24,0,639.49,694.14,5,1888.72,6,-7.37,0.9213,2.9535,-0.0855,1
27,2,2934.95,1761.0,0,0.0,5,1132.14,1.6666,0.0,0.4,0
28,2,2536.03,1627.14,2,528.23,5,878.1,1.5586,0.2083,0.3584,0
23,0,642.26,699.37,0,0.0,6,128.63,0.9183,0.0,-0.0889,1
26,0,390.86,454.19,4,976.3,8,39.35,0.8606,2.4978,-0.162,1
25,1,937.58,1033.58,0,0.0,0,-251.52,0.9071,0.0,-0.1024,1
30,0,467.23,497.18,1,279.26,2,179.28,0.9398,0.5977,-0.0641,1
26,0,376.41,412.23,3,374.85,3,157.66,0.9131,0.9959,-0.0952,1
23,2,2169.92,2425.35,1,253.85,4,-210.18,0.8947,0.117,-0.1177,1
30,0,736.38,815.22,1,174.12,2,-17.61,0.9033,0.2365,-0.1071,1
19,1,1234.1,1378.0,5,1364.8,7,126.02,0.8956,1.1059,-0.1166,1
30,0,388.23,253.05,5,1208.71,6,-137.51,1.5342,3.1134,0.3482,1
20,0,578.33,372.61,0,0.0,3,354.11,1.5521,0.0,0.3557,1
21,1,1177.12,1003.83,6,1842.94,7,72.22,1.1726,1.5656,0.1472,1
28,0,788.1,763.92,3,629.86,3,188.15,1.0317,0.7992,0.0307,1
27,1,1238.93,1404.74,1,243.0,0,-109.73,0.882,0.1961,-0.1338,1
30,0,666.16,555.77,6,1712.55,5,-97.52,1.1986,2.5708,0.1657,1
27,2,3019.64,2393.31,2,557.01,2,389.31,1.2617,0.1845,0.2074,1
26,1,1087.29,1247.14,2,624.25,4,20.17,0.8718,0.5741,-0.147,1
22,2,1775.56,1375.23,1,122.36,4,399.42,1.2911,0.0689,0.2255,0
18,0,492.15,578.07,6,531.82,4,-166.43,0.8514,1.0806,-0.1746,1
19,0,734.08,531.47,2,568.43,3,110.6,1.3812,0.7743,0.276,1
21,0,568.5,484.15,4,530.38,4,170.96,1.1742,0.9329,0.1484,1
18,1,1322.51,1164.8,1,90.11,1,401.35,1.1354,0.0681,0.1193,0
24,0,691.51,559.89,6,575.6,2,-185.62,1.2351,0.8324,0.1903,1
28,0,714.06,430.11,5,797.4,5,621.91,1.6602,1.1167,0.3977,1
30,0,538.14,411.6,3,1191.38,9,162.92,1.3074,2.2139,0.2351,1
24,0,554.4,463.68,2,210.08,3,168.14,1.1957,0.3789,0.1636,0
29,0,659.0,540.08,4,617.95,1,34.51,1.2202,0.9377,0.1805,0
30,0,431.67,496.37,3,1116.77,9,-69.29,0.8697,2.5871,-0.1499,1
29,0,727.24,460.46,6,2322.95,6,251.89,1.5794,3.1942,0.3668,1
24,1,1759.87,1535.07,4,520.38,5,87.91,1.1464,0.2957,0.1277,1
22,0,397.89,249.18,0,0.0,6,38.94,1.5968,0.0,0.3737,1
30,0,700.1,876.14,5,493.11,7,35.59,0.7991,0.7043,-0.2514,1
21,1,1616.56,1864.13,1,316.54,0,-439.88,0.8672,0.1958,-0.1531,0
23,1,925.19,1191.19,2,109.11,1,-206.46,0.7767,0.1179,-0.2875,0
18,0,393.38,486.66,3,576.95,6,-128.17,0.8083,1.4666,-0.2371,1
28,1,1092.72,897.2,1,136.57,5,50.0,1.2179,0.125,0.1789,0
26,2,3219.54,3490.33,6,1778.42,5,92.25,0.9224,0.5524,-0.0841,1
19,1,1711.76,1394.38,6,333.72,3,105.09,1.2276,0.195,0.1854,1
20,2,3417.12,4174.86,1,212.72,1,-851.63,0.8185,0.0623,-0.2217,0
25,1,821.81,729.38,2,587.71,5,64.23,1.1267,0.7151,0.1125,1
25,0,778.09,671.59,2,132.69,4,-9.23,1.1586,0.1705,0.1369,0
28,0,439.5,544.91,4,1456.36,7,-98.5,0.8066,3.3137,-0.2398,1
21,1,1673.41,1984.19,4,705.68,4,-228.06,0.8434,0.4217,-0.1857,1
30,2,1708.73,2181.18,4,431.37,1,-374.01,0.7834,0.2525,-0.2765,1
23,1,759.74,491.2,0,0.0,5,195.84,1.5467,0.0,0.3535,1
28,0,708.47,545.76,3,505.85,1,26.6,1.2981,0.714,0.2297,1
21,1,1198.61,971.59,1,119.43,5,284.78,1.2337,0.0996,0.1894,1
18,0,555.91,498.68,1,228.7,5,37.02,1.1148,0.4114,0.1029,0
18,1,782.09,728.28,5,1357.63,6,-32.21,1.0739,1.7359,0.0688,1
22,1,1581.18,1271.32,0,0.0,5,444.18,1.2437,0.0,0.196,0
30,1,741.07,854.69,0,0.0,6,-129.2,0.8671,0.0,-0.1533,1
18,2,2373.26,1794.83,3,970.78,1,573.74,1.3223,0.409,0.2437,0
22,1,1207.45,1313.18,5,776.78,3,68.96,0.9195,0.6433,-0.0876,1
19,1,943.42,1128.55,3,803.91,5,37.62,0.836,0.8521,-0.1962,1
30,1,1353.09,1383.65,1,362.52,6,82.2,0.9779,0.2679,-0.0226,1
26,2,3315.34,2811.11,5,637.65,5,531.28,1.1794,0.1923,0.1521,1
27,2,2167.27,1585.41,2,533.93,4,537.3,1.367,0.2464,0.2685,0
27,0,321.03,222.81,4,1527.16,10,64.25,1.4408,4.7571,0.306,1
26,1,931.18,1043.78,1,235.43,1,-423.45,0.8921,0.2528,-0.1209,1
28,0,728.37,676.21,6,2351.49,6,151.72,1.0771,3.2284,0.0716,1
18,2,3814.24,2412.22,1,158.52,3,1385.52,1.5812,0.0416,0.3676,0
29,1,765.26,986.18,6,1485.02,8,-66.69,0.776,1.9405,-0.2887,1
27,0,303.67,324.9,2,317.73,7,-37.13,0.9347,1.0463,-0.0699,1
27,0,477.68,568.88,5,256.51,4,25.75,0.8397,0.537,-0.1909,1
23,0,607.76,551.08,3,1197.17,2,-159.41,1.1029,1.9698,0.0933,1
28,1,795.3,1009.08,0,0.0,5,-332.06,0.7881,0.0,-0.2688,1
22,0,748.3,553.49,0,0.0,3,-174.18,1.352,0.0,0.2603,1
18,0,378.14,275.89,2,557.12,6,65.69,1.3706,1.4733,0.2704,1
29,2,2502.75,3061.45,1,366.38,3,-724.86,0.8175,0.1464,-0.2232,1
21,1,1765.41,2161.22,4,1554.08,6,-453.7,0.8169,0.8803,-0.2242,1
19,0,797.14,756.74,0,0.0,1,86.15,1.0534,0.0,0.0507,0
26,0,602.37,414.46,4,1599.57,4,90.68,1.4534,2.6555,0.312,1
21,2,3357.16,2731.56,1,318.57,1,396.6,1.229,0.0949,0.1863,0
29,1,1721.38,1941.56,1,233.34,6,156.39,0.8866,0.1356,-0.1279,1
23,1,1698.58,2025.04,2,558.46,0,-297.67,0.8388,0.3288,-0.1922,1
18,0,594.95,501.76,4,471.98,3,-83.56,1.1857,0.7933,0.1566,1
30,0,704.79,453.08,2,107.72,2,150.71,1.5556,0.1528,0.3571,0
24,0,501.48,534.58,2,279.75,5,-51.68,0.9381,0.5578,-0.066,1
21,1,1584.94,1771.4,2,404.48,2,-201.52,0.8947,0.2552,-0.1176,1
26,0,594.64,533.28,2,259.64,6,256.28,1.1151,0.4366,0.1032,0
24,0,566.52,571.15,2,459.83,7,-15.65,0.9919,0.8117,-0.0082,1
18,1,1761.66,2274.59,5,1401.4,5,-215.3,0.7745,0.7955,-0.2912,1
27,2,3261.98,2516.61,4,1118.11,2,676.1,1.2962,0.3428,0.2285,0
23,1,1249.53,1250.88,2,725.64,4,62.96,0.9989,0.5807,-0.0011,1
27,1,1273.64,1308.88,5,1941.06,6,124.06,0.9731,1.524,-0.0277,1
29,1,878.01,864.29,3,1085.23,1,191.11,1.0159,1.236,0.0156,0
25,0,306.11,369.9,6,1602.37,10,132.33,0.8275,5.2346,-0.2084,1
26,0,362.81,371.34,3,366.05,4,-48.71,0.977,1.0089,-0.0235,1
21,1,1462.41,1397.37,1,380.21,5,56.4,1.0465,0.26,0.0445,1
21,0,472.13,323.93,3,333.6,5,-249.28,1.4575,0.7066,0.3139,1
23,1,1084.34,1184.37,5,515.0,6,-99.59,0.9155,0.4749,-0.0922,1
29,2,3925.84,2718.55,1,161.15,0,1018.56,1.4441,0.041,0.3075,0
24,2,3736.76,2311.56,1,250.76,0,1269.24,1.6166,0.0671,0.3814,0
22,0,699.02,658.46,4,1154.06,2,17.31,1.0616,1.651,0.058,1
28,0,429.29,429.6,6,327.91,7,254.64,0.9993,0.7638,-0.0007,1
29,0,709.87,922.36,2,644.62,7,-257.57,0.7696,0.9081,-0.2993,1
29,0,301.53,331.27,3,333.77,7,-135.44,0.9102,1.1069,-0.0986,1
21,0,609.84,728.16,4,615.08,3,-155.17,0.8375,1.0086,-0.194,1
27,0,767.38,646.5,4,650.92,2,-55.04,1.187,0.8482,0.1575,1
25,1,1477.14,1412.5,1,166.36,2,142.38,1.0458,0.1126,0.0438,1
23,1,1237.61,1586.6,2,632.26,5,-253.68,0.78,0.5109,-0.282,1
23,2,2571.49,2294.21,6,385.98,1,395.36,1.1209,0.1501,0.1078,0
19,0,712.12,829.69,6,712.69,4,-169.0,0.8583,1.0008,-0.1651,1
21,0,575.42,557.12,5,289.06,4,4.35,1.0328,0.5023,0.0318,0
25,0,609.27,461.08,0,0.0,2,-202.42,1.3214,0.0,0.2432,1
29,0,329.46,331.53,2,788.61,6,54.43,0.9938,2.3936,-0.0063,1
29,0,400.78,301.64,0,0.0,4,93.13,1.3287,0.0,0.2474,1
20,2,2035.47,1225.59,2,513.1,5,714.27,1.6608,0.2521,0.3979,1
26,0,329.4,252.03,6,2206.94,10,51.62,1.307,6.6999,0.2349,1
19,0,670.72,493.11,2,278.47,3,87.15,1.3602,0.4152,0.2648,0
26,1,1143.35,982.87,1,73.26,1,411.68,1.1633,0.0641,0.1404,0
22,1,974.81,1191.24,5,1142.45,1,-369.21,0.8183,1.172,-0.222,1
23,1,1180.53,1028.83,5,705.61,4,183.57,1.1474,0.5977,0.1285,1
27,0,769.86,917.39,4,831.51,4,-321.66,0.8392,1.0801,-0.1916,1
23,2,1700.7,1681.87,5,1048.52,1,-63.71,1.0112,0.6165,0.0111,0
28,0,537.03,325.08,4,646.36,1,201.67,1.652,1.2036,0.3947,0
24,0,720.13,527.22,4,880.85,7,109.5,1.3659,1.2232,0.2679,1
30,1,1116.95,1398.3,6,1098.32,6,-232.99,0.7988,0.9833,-0.2519,1
26,2,3570.11,3651.94,2,179.14,6,-27.28,0.9776,0.0502,-0.0229,0
21,0,312.47,390.8,3,1060.06,5,-147.73,0.7996,3.3925,-0.2507,1
28,1,866.01,707.6,3,886.34,1,260.72,1.2239,1.0235,0.1829,0
23,0,705.8,777.5,4,257.83,1,-123.29,0.9078,0.3653,-0.1016,0
24,0,363.71,414.78,3,271.58,1,-56.66,0.8769,0.7467,-0.1404,1
19,0,362.31,464.84,3,251.34,4,-50.56,0.7794,0.6937,-0.283,1
19,1,1668.88,1022.56,1,71.61,4,701.56,1.6321,0.0429,0.3873,0
25,0,417.15,528.35,4,282.68,2,14.42,0.7895,0.6776,-0.2666,1
20,1,1012.47,885.01,0,0.0,2,148.62,1.144,0.0,0.1259,0
30,0,774.82,919.4,3,1040.26,5,-43.3,0.8427,1.3426,-0.1866,1
29,2,3067.49,3010.13,2,679.76,2,12.45,1.0191,0.2216,0.0187,0
27,2,1852.18,1843.39,5,1620.51,4,-152.93,1.0048,0.8749,0.0047,1
27,0,559.79,476.7,3,795.44,6,-128.18,1.1743,1.421,0.1484,0
25,0,716.16,845.02,0,0.0,6,-365.45,0.8475,0.0,-0.1799,1
18,0,391.45,307.21,3,925.41,5,338.78,1.2742,2.3641,0.2152,0
23,2,3706.61,3501.15,1,361.26,0,-113.85,1.0587,0.0975,0.0554,1
24,0,627.98,623.03,2,612.64,7,183.4,1.0079,0.9756,0.0079,1
29,1,1176.51,1317.41,2,615.52,4,-263.74,0.893,0.5232,-0.1198,1
20,0,746.24,694.11,1,331.43,3,223.31,1.0751,0.4441,0.0699,0
24,1,1249.87,1345.11,6,1468.35,6,-400.93,0.9292,1.1748,-0.0762,1
22,1,1061.0,997.03,1,124.56,6,10.87,1.0642,0.1174,0.0603,1
19,1,1737.04,1843.91,3,238.77,0,134.39,0.942,0.1375,-0.0615,0
19,2,3738.85,4007.67,5,983.33,6,-158.86,0.9329,0.263,-0.0719,1
22,0,670.85,735.66,2,164.18,4,-105.64,0.9119,0.2447,-0.0966,1
19,2,1929.49,2269.68,6,655.54,4,-591.37,0.8501,0.3397,-0.1763,1
18,0,570.92,558.65,2,116.69,6,-189.28,1.022,0.2044,0.0215,1
22,1,1272.06,935.34,6,930.43,3,527.99,1.36,0.7314,0.2647,1
20,2,2432.23,2616.47,3,1168.5,5,-240.42,0.9296,0.4804,-0.0757,1
25,1,1656.13,1083.08,0,0.0,3,533.55,1.5291,0.0,0.346,1
18,1,1094.91,824.76,6,805.87,7,338.03,1.3275,0.736,0.2467,1
21,0,537.67,620.75,6,1147.24,6,-254.12,0.8662,2.1337,-0.1545,1
23,0,594.39,537.65,6,932.81,7,101.17,1.1055,1.5694,0.0955,1
30,0,373.31,354.13,0,0.0,3,-45.68,1.0542,0.0,0.0514,0
26,1,1472.26,1900.95,5,1360.32,3,-301.71,0.7745,0.924,-0.2912,1
29,1,1669.28,1276.37,2,119.14,2,296.22,1.3078,0.0714,0.2354,0
22,0,359.41,220.57,5,1144.82,10,-94.73,1.6295,3.1853,0.3863,1
23,0,556.02,376.96,6,376.02,6,68.57,1.475,0.6763,0.322,0
23,0,382.82,295.21,1,287.08,2,189.59,1.2968,0.7499,0.2289,1
29,0,595.27,659.64,2,755.07,7,13.28,0.9024,1.2684,-0.1081,1
30,0,384.85,439.91,1,367.62,5,-49.06,0.8748,0.9552,-0.1431,1
30,2,3307.9,3294.15,2,244.0,0,146.46,1.0042,0.0738,0.0042,0
27,1,1663.3,1294.93,4,1239.7,6,325.67,1.2845,0.7453,0.2215,1
24,0,748.14,722.12,2,655.15,2,27.67,1.036,0.8757,0.0348,1
25,1,1209.1,738.12,4,1410.11,7,434.26,1.6381,1.1662,0.3895,1
30,2,2741.73,2953.56,4,563.44,3,-84.22,0.9283,0.2055,-0.0773,1
21,0,460.05,473.86,1,207.79,6,31.19,0.9709,0.4517,-0.03,1
22,0,412.54,253.82,0,0.0,3,59.91,1.6253,0.0,0.3847,1
29,0,535.8,627.91,5,292.54,0,-311.22,0.8533,0.546,-0.1719,1
23,0,721.01,817.91,1,280.65,5,75.43,0.8815,0.3892,-0.1344,1
21,1,1665.15,1358.36,1,201.01,5,169.85,1.2259,0.1207,0.1842,0
25,2,3933.39,4109.46,4,547.36,2,-153.93,0.9572,0.1392,-0.0448,1
22,0,377.12,385.06,1,346.49,2,344.6,0.9794,0.9188,-0.0211,1
29,1,1773.87,1242.11,1,223.49,6,622.43,1.4281,0.126,0.2998,0
29,0,591.0,434.55,2,796.26,7,363.44,1.36,1.3473,0.2647,0
21,1,850.32,916.85,3,983.03,3,-151.61,0.9274,1.1561,-0.0782,1
24,1,1388.62,1740.62,5,1771.12,5,-116.16,0.7978,1.2755,-0.2535,1
30,0,559.47,561.37,6,1924.0,6,2.54,0.9966,3.439,-0.0034,1
27,0,626.7,625.11,5,435.37,2,56.65,1.0025,0.6947,0.0025,1
20,1,1361.23,1432.94,6,436.56,4,246.81,0.95,0.3207,-0.0527,1
25,2,2850.2,2589.14,3,1110.83,5,151.4,1.1008,0.3897,0.0916,0
26,0,390.17,248.9,2,196.74,6,133.54,1.5676,0.5042,0.3621,1
26,0,678.26,595.21,5,934.65,5,-49.87,1.1395,1.378,0.1224,1
18,0,378.51,465.63,2,526.94,3,70.17,0.8129,1.3921,-0.2302,1
21,1,1595.05,1855.78,5,620.82,3,-317.72,0.8595,0.3892,-0.1635,1
29,1,877.2,1095.8,6,773.1,5,-5.6,0.8005,0.8813,-0.2492,1
21,1,928.45,656.4,2,426.37,6,-10.4,1.4145,0.4592,0.293,0
21,1,702.65,670.45,4,705.25,1,109.27,1.048,1.0037,0.0458,1
22,2,3585.75,3619.13,5,1434.01,4,-121.75,0.9908,0.3999,-0.0093,1
20,2,3831.04,2861.59,5,381.38,3,1149.22,1.3388,0.0995,0.2531,1
20,0,597.77,442.76,1,221.07,4,145.84,1.3501,0.3698,0.2593,1
22,1,1758.44,2017.67,6,665.95,0,-349.18,0.8715,0.3787,-0.1474,1
29,0,487.8,522.09,3,787.06,2,-94.41,0.9343,1.6135,-0.0703,1
18,0,737.51,776.62,0,0.0,4,-169.49,0.9496,0.0,-0.053,1
21,2,3202.54,2520.05,0,0.0,1,807.64,1.2708,0.0,0.2131,0
18,1,719.81,687.23,5,1656.81,7,-130.49,1.0474,2.3017,0.0453,1
25,2,2750.41,1694.66,2,264.62,0,1049.02,1.623,0.0962,0.3839,0
21,0,671.24,463.8,0,0.0,5,240.16,1.4473,0.0,0.309,0
28,1,1741.47,1676.64,3,436.72,2,294.45,1.0387,0.2508,0.0372,0
25,1,1287.71,1051.76,4,529.04,3,200.18,1.2243,0.4108,0.1832,1
28,0,687.62,877.38,0,0.0,2,-192.07,0.7837,0.0,-0.276,1
26,0,567.36,527.67,2,716.65,3,76.23,1.0752,1.2631,0.07,1
23,1,923.18,607.91,3,567.02,3,8.2,1.5186,0.6142,0.3415,1
29,0,301.12,184.43,5,676.58,7,-75.48,1.6327,2.2469,0.3875,1
24,2,1733.83,1920.53,4,951.3,4,-207.0,0.9028,0.5487,-0.1077,1
30,0,452.48,325.81,0,0.0,6,-13.85,1.3888,0.0,0.2799,1
30,0,390.16,285.39,4,1306.28,6,-130.92,1.3671,3.3481,0.2685,1
25,1,1436.43,1288.0,6,2379.94,8,257.35,1.1152,1.6568,0.1033,1
26,0,414.22,325.1,0,0.0,4,117.1,1.2741,0.0,0.2152,0
21,2,2356.7,2431.18,6,1248.67,2,-53.85,0.9694,0.5298,-0.0316,1
28,1,724.77,681.27,0,0.0,6,-58.86,1.0639,0.0,0.06,1
26,0,393.37,266.71,4,1562.67,9,126.47,1.4749,3.9725,0.322,1
29,1,1134.5,1303.9,2,438.3,1,-84.26,0.8701,0.3863,-0.1493,0
21,1,1213.38,1089.74,5,561.49,1,58.64,1.1135,0.4627,0.1019,0
28,1,850.11,873.56,5,1946.13,7,41.5,0.9732,2.2893,-0.0276,1
24,2,1519.74,916.04,5,1931.54,6,440.32,1.659,1.271,0.3972,1
20,1,1185.79,1231.42,6,1215.02,1,-30.45,0.9629,1.0247,-0.0385,1
20,1,820.0,654.36,5,859.33,5,294.89,1.2531,1.048,0.202,1
25,0,486.0,459.78,2,576.31,4,209.84,1.057,1.1858,0.054,1
22,1,1359.06,1098.67,3,1020.37,7,419.84,1.237,0.7508,0.1916,1
19,2,3460.04,4489.0,5,1122.43,5,-862.68,0.7708,0.3244,-0.2974,1
23,1,1257.6,957.78,1,165.78,6,296.43,1.313,0.1318,0.2384,0
26,1,1045.62,1295.52,4,621.95,0,-321.85,0.8071,0.5948,-0.239,1
22,0,448.19,556.91,3,492.93,6,-362.42,0.8048,1.0998,-0.2426,1
30,1,1332.52,1192.21,6,547.87,2,-54.51,1.1177,0.4112,0.1053,0
28,2,3410.34,2771.93,0,0.0,3,477.6,1.2303,0.0,0.1872,1
24,0,457.34,396.39,0,0.0,6,40.15,1.1538,0.0,0.1333,0
30,0,738.96,955.13,0,0.0,6,47.43,0.7737,0.0,-0.2925,1
23,1,1594.08,1646.94,3,1026.69,1,154.1,0.9679,0.6441,-0.0332,1
19,1,948.17,930.48,3,574.31,1,-84.25,1.019,0.6057,0.0187,0
18,1,868.44,542.9,4,612.67,6,352.13,1.5996,0.7055,0.3749,1
30,0,490.67,585.61,1,381.89,7,-172.79,0.8379,0.7783,-0.1935,1
30,0,544.68,358.76,2,188.58,4,256.96,1.5182,0.3462,0.3413,1
27,1,1452.08,918.99,2,719.4,0,642.43,1.5801,0.4954,0.3671,0
19,1,1536.69,1217.67,0,0.0,1,421.33,1.262,0.0,0.2076,0
21,1,1024.84,956.23,5,973.68,6,-8.27,1.0718,0.9501,0.0669,1
18,1,1013.12,1242.8,0,0.0,5,-92.18,0.8152,0.0,-0.2267,1
18,1,1239.91,1429.68,4,718.05,6,-455.91,0.8673,0.5791,-0.1531,1
21,1,1000.9,739.01,3,711.34,4,415.69,1.3544,0.7107,0.2617,0
25,1,1434.02,1233.91,6,728.4,2,199.85,1.1622,0.5079,0.1395,1
18,1,1521.4,1743.78,4,996.65,0,-219.62,0.8725,0.6551,-0.1462,1
30,1,1219.24,1181.4,3,291.29,5,-277.35,1.032,0.2389,0.031,0
23,0,592.03,427.53,4,1314.53,9,100.65,1.3848,2.2204,0.2779,1
21,0,322.47,282.88,0,0.0,0,241.56,1.14,0.0,0.1228,0
24,1,1484.16,1540.79,1,218.68,3,-120.68,0.9632,0.1473,-0.0382,1
28,2,3798.08,4866.32,3,207.4,2,-775.91,0.7805,0.0546,-0.2813,1
22,1,1512.73,1608.44,6,1349.53,6,-77.18,0.9405,0.8921,-0.0633,1
18,0,463.59,283.41,5,1236.25,9,354.72,1.6358,2.6667,0.3887,1
18,1,993.27,1086.15,2,285.97,1,-57.6,0.9145,0.2879,-0.0935,0
29,0,387.46,300.52,1,287.16,7,-61.23,1.2893,0.7411,0.2244,1
19,1,1640.84,1974.77,6,461.21,0,-357.1,0.8309,0.2811,-0.2035,1
26,2,2474.3,2149.48,3,369.12,5,497.38,1.1511,0.1492,0.1313,1
22,1,1509.58,1116.68,0,0.0,5,412.22,1.3518,0.0,0.2603,0
28,1,1749.36,1622.64,1,101.53,1,109.75,1.0781,0.058,0.0724,0
18,0,417.74,325.27,5,679.71,6,429.47,1.2843,1.6271,0.2214,1
29,0,752.81,575.96,6,1666.8,4,366.06,1.3071,2.2141,0.2349,0
27,2,3504.68,3509.18,6,1830.57,1,118.18,0.9987,0.5223,-0.0013,0
23,1,1790.95,2036.57,0,0.0,0,-155.09,0.8794,0.0,-0.1371,1
20,1,1325.28,1569.75,5,471.53,5,-100.47,0.8443,0.3558,-0.1845,1
30,0,547.83,481.2,0,0.0,5,163.44,1.1385,0.0,0.1216,1
21,0,627.28,405.7,5,1287.39,6,-90.45,1.5462,2.0523,0.3532,1
24,0,568.16,533.38,6,1252.94,8,85.38,1.0652,2.2053,0.0612,1
23,0,418.92,378.56,2,552.95,3,12.94,1.1066,1.3199,0.0963,1
20,0,714.25,527.03,1,314.6,3,86.15,1.3552,0.4405,0.2621,0
23,2,3526.76,4328.4,4,1529.36,5,-633.5,0.8148,0.4336,-0.2273,1
19,1,1533.11,1965.3,0,0.0,3,-586.56,0.7801,0.0,-0.2819,1
18,0,617.96,393.16,4,428.35,5,-56.36,1.5718,0.6932,0.3638,1
21,0,695.21,804.37,2,284.86,1,109.2,0.8643,0.4097,-0.157,0
19,0,420.74,442.62,2,203.72,3,45.55,0.9506,0.4842,-0.052,1
23,2,3434.12,2688.93,5,939.93,5,430.66,1.2771,0.2737,0.217,1
29,0,440.1,459.73,6,2132.39,10,-100.86,0.9573,4.8452,-0.0446,1
20,1,980.0,676.25,2,342.94,2,450.21,1.4492,0.3499,0.3099,1
18,2,1658.56,1075.72,2,204.18,3,442.59,1.5418,0.1231,0.3514,0
19,0,444.19,575.42,5,1164.61,7,91.35,0.7719,2.6219,-0.2954,1
24,1,1790.22,1871.6,2,794.36,6,90.53,0.9565,0.4437,-0.0455,1
21,2,2017.56,1568.16,1,115.86,5,256.48,1.2866,0.0574,0.2227,0
24,0,725.22,663.59,6,1933.54,8,38.06,1.0929,2.6661,0.085,1
18,0,798.06,1009.6,6,2029.05,8,-235.48,0.7905,2.5425,-0.2651,1
22,2,3719.03,3373.56,2,380.94,2,132.82,1.1024,0.1024,0.0929,1
23,2,3012.78,3706.66,1,266.84,2,-900.31,0.8128,0.0886,-0.2303,1
23,1,713.47,861.99,1,201.33,3,-269.0,0.8277,0.2822,-0.2082,1
25,1,1186.17,997.46,4,567.26,2,76.77,1.1892,0.4782,0.1591,0
28,0,546.95,594.65,2,398.28,7,-6.53,0.9198,0.7282,-0.0872,1
24,2,2891.65,3071.94,4,333.41,6,-15.82,0.9413,0.1153,-0.0623,1
28,1,1345.02,1533.12,5,1487.17,7,-64.06,0.8773,1.1057,-0.1398,1
24,0,309.43,264.92,0,0.0,4,158.14,1.168,0.0,0.1438,0
21,1,1059.69,674.56,6,945.54,2,279.48,1.5709,0.8923,0.3634,1
20,2,1904.84,1370.97,0,0.0,1,614.72,1.3894,0.0,0.2803,0
22,2,2996.85,3091.51,0,0.0,1,-114.08,0.9694,0.0,-0.0316,1
25,0,365.32,417.4,5,473.06,5,-109.67,0.8752,1.2949,-0.1426,1
21,0,498.74,563.19,4,1129.07,5,235.28,0.8856,2.2638,-0.1292,1
29,2,2923.28,2948.35,6,581.63,4,-374.09,0.9915,0.199,-0.0086,1
24,2,2100.65,1385.02,3,971.08,6,462.98,1.5167,0.4623,0.3407,1
29,1,1347.63,824.89,2,290.23,2,598.59,1.6337,0.2154,0.3879,0
26,1,1332.89,1529.49,4,1345.92,7,-226.64,0.8715,1.0098,-0.1475,1
22,1,1565.03,1540.87,5,894.88,3,-196.44,1.0157,0.5718,0.0154,1
20,0,557.87,640.38,4,716.38,6,-226.38,0.8712,1.2841,-0.1479,1
27,0,738.71,527.4,2,625.4,1,73.04,1.4007,0.8466,0.2861,0
22,0,361.01,319.56,6,1371.56,6,169.68,1.1297,3.7992,0.1148,0
21,0,357.13,444.06,2,240.68,7,95.54,0.8042,0.6739,-0.2434,1
30,2,2905.57,2092.35,2,695.29,6,915.85,1.3887,0.2393,0.2799,0
24,0,515.61,331.57,1,169.05,3,-109.06,1.5551,0.3279,0.3569,0
18,0,449.27,475.07,2,171.94,0,-229.36,0.9457,0.3827,-0.0574,0
24,1,931.66,946.73,1,195.6,0,-229.52,0.9841,0.2099,-0.0162,1
23,0,422.63,535.23,4,1003.55,5,86.24,0.7896,2.3745,-0.2664,1
29,0,342.39,422.69,5,1317.3,10,-2.24,0.81,3.8474,-0.2345,1
27,1,1193.54,1342.26,3,1027.39,3,-140.32,0.8892,0.8608,-0.1246,1
20,0,686.69,421.22,6,1436.95,9,272.04,1.6302,2.0926,0.3866,0
19,1,941.54,881.54,3,384.9,3,51.78,1.0681,0.4088,0.0637,0
25,2,1840.47,2258.76,3,424.75,0,-563.22,0.8148,0.2308,-0.2273,1
18,0,578.94,523.1,0,0.0,3,125.36,1.1067,0.0,0.0965,0
22,2,3552.17,4523.7,6,1845.44,2,-972.1,0.7852,0.5195,-0.2735,1
19,2,3237.15,3420.83,1,87.08,1,-350.87,0.9463,0.0269,-0.0567,1
18,2,3372.03,2281.58,1,262.03,4,1072.22,1.4779,0.0777,0.3234,1
29,1,791.97,757.51,6,1553.59,3,-30.81,1.0455,1.9617,0.0435,1
19,1,1001.47,1088.53,3,974.78,7,-29.81,0.92,0.9733,-0.0869,1
18,1,1791.62,1156.95,0,0.0,5,656.61,1.5486,0.0,0.3542,1
30,1,1475.1,1240.93,3,363.06,5,329.01,1.1887,0.2461,0.1587,1
20,0,540.74,595.87,4,1473.39,4,-10.52,0.9075,2.7248,-0.102,1
28,2,3348.09,2376.98,0,0.0,6,847.02,1.4085,0.0,0.29,0
18,1,888.8,750.0,5,1050.96,4,158.3,1.1851,1.1824,0.1562,1
19,1,835.24,904.51,4,1246.75,7,-22.88,0.9234,1.4927,-0.0829,1
19,0,732.84,837.55,0,0.0,1,-14.21,0.875,0.0,-0.1429,0
27,0,370.72,356.99,4,568.21,7,166.62,1.0385,1.5327,0.037,1
26,1,1517.15,1926.48,1,365.52,2,-389.09,0.7875,0.2409,-0.2698,1
24,1,1681.54,2098.11,5,440.22,4,-198.37,0.8015,0.2618,-0.2477,1
21,0,314.82,293.23,2,784.38,4,-242.79,1.0736,2.4915,0.0686,1
19,0,794.83,566.07,1,107.7,6,142.59,1.4041,0.1355,0.2878,1
25,0,546.74,623.86,3,429.55,5,-105.27,0.8764,0.7857,-0.1411,1
20,1,984.72,758.43,3,251.42,3,403.68,1.2984,0.2553,0.2298,1
25,0,437.44,520.54,2,662.57,5,-95.92,0.8404,1.5147,-0.19,1
26,2,3364.84,3401.86,6,2366.89,1,61.84,0.9891,0.7034,-0.011,0
29,0,426.13,373.23,4,615.77,4,-225.91,1.1417,1.445,0.1241,1
24,0,662.85,655.87,3,491.89,6,-47.68,1.0106,0.7421,0.0105,1
18,0,441.88,429.93,1,147.64,5,-117.72,1.0278,0.3341,0.027,0
21,1,1649.84,2057.87,3,312.57,6,34.03,0.8017,0.1895,-0.2473,1
29,1,964.31,723.28,0,0.0,0,82.97,1.3332,0.0,0.25,0
24,1,1623.86,2029.36,6,427.51,1,-332.08,0.8002,0.2633,-0.2497,1
26,2,3275.48,2037.15,0,0.0,5,1342.62,1.6079,0.0,0.3781,0
23,0,425.19,484.05,4,1498.24,7,-285.78,0.8784,3.5237,-0.1384,1
20,1,1119.08,1391.88,2,182.91,1,-288.24,0.804,0.1634,-0.2438,1
29,0,684.88,599.84,5,1176.67,3,142.86,1.1418,1.7181,0.1242,1
28,0,662.05,431.09,2,795.0,7,219.88,1.5358,1.2008,0.3489,1
30,1,1662.98,1934.49,0,0.0,6,-540.25,0.8596,0.0,-0.1633,1
29,0,651.87,775.73,6,1801.78,4,-210.78,0.8403,2.764,-0.19,1
21,1,1197.76,1000.58,5,289.31,5,347.57,1.1971,0.2415,0.1646,1
21,1,1088.01,1047.77,0,0.0,3,132.13,1.0384,0.0,0.037,1
21,1,829.94,968.23,0,0.0,5,34.0,0.8572,0.0,-0.1666,0
29,1,1738.74,1276.98,3,545.27,4,283.3,1.3616,0.3136,0.2656,0
25,1,1182.0,1229.61,6,1703.71,6,145.75,0.9613,1.4414,-0.0403,1
23,0,630.29,568.17,4,1234.85,6,47.0,1.1093,1.9592,0.0986,1
30,0,677.51,489.22,0,0.0,5,437.55,1.3849,0.0,0.2779,1
25,0,318.58,376.56,4,400.73,6,-52.91,0.846,1.2579,-0.182,1
29,1,1378.24,1140.19,2,370.69,3,-109.49,1.2088,0.269,0.1727,1
30,2,3485.1,4370.66,4,1419.47,0,-495.87,0.7974,0.4073,-0.2541,1
19,0,451.72,450.93,2,331.76,1,-65.79,1.0018,0.7344,0.0017,0
22,1,1285.73,1234.5,0,0.0,2,-9.81,1.0415,0.0,0.0398,0
27,1,1409.7,1263.53,0,0.0,3,-68.18,1.1157,0.0,0.1037,0
28,2,2500.52,2201.63,4,1152.95,6,474.91,1.1358,0.4611,0.1195,1
19,1,1176.43,1379.45,4,957.2,1,-286.5,0.8528,0.8136,-0.1726,1
22,1,1387.24,1490.24,2,680.38,6,163.53,0.9309,0.4905,-0.0742,1
25,1,1187.93,1356.12,0,0.0,0,-221.93,0.876,0.0,-0.1416,1
28,2,2150.03,1923.76,5,1973.95,4,55.15,1.1176,0.9181,0.1052,1
19,0,544.61,426.43,1,350.15,2,296.33,1.2771,0.6429,0.217,1
25,2,1892.04,1250.27,1,148.19,3,549.47,1.5133,0.0783,0.3392,1
21,0,638.95,730.74,3,539.6,1,-82.0,0.8744,0.8445,-0.1437,0
20,2,2404.0,2141.23,5,732.55,5,10.97,1.1227,0.3047,0.1093,0
24,0,724.93,693.36,6,1684.62,3,-36.38,1.0455,2.3238,0.0435,0
23,0,790.63,734.13,4,1095.06,7,109.0,1.077,1.385,0.0715,1
26,0,636.01,573.55,6,1397.26,6,-132.74,1.1089,2.1969,0.0982,1
22,0,684.53,738.42,4,1552.18,9,-133.92,0.927,2.2675,-0.0787,1
28,0,552.88,567.32,5,1076.48,8,-73.37,0.9745,1.947,-0.0261,1
19,0,756.37,968.48,1,324.3,5,-213.26,0.781,0.4288,-0.2804,1
29,1,1650.23,1150.59,0,0.0,3,729.44,1.4342,0.0,0.3028,0
18,0,741.78,742.87,4,925.46,3,-46.1,0.9985,1.2476,-0.0015,1
27,1,979.57,631.11,6,388.4,4,253.14,1.5521,0.3965,0.3557,1
22,2,1608.81,1875.14,5,1400.62,5,163.46,0.858,0.8706,-0.1655,1
22,1,1178.28,1215.3,2,549.82,5,-105.6,0.9695,0.4666,-0.0314,1
18,0,401.36,361.17,3,281.12,4,2.41,1.1113,0.7004,0.1001,0
27,0,405.67,471.21,0,0.0,3,-101.45,0.8609,0.0,-0.1616,0
20,2,3432.07,3152.36,2,426.9,0,233.07,1.0887,0.1244,0.0815,0
26,0,517.31,392.87,4,653.8,2,113.4,1.3167,1.2638,0.2406,1
27,0,390.91,363.84,1,338.39,6,163.65,1.0744,0.8656,0.0692,1
28,2,2567.29,1667.67,3,510.54,6,831.29,1.5394,0.1989,0.3504,1
27,2,2526.24,3103.49,2,535.3,4,-319.52,0.814,0.2119,-0.2285,1
21,0,611.54,679.83,3,798.81,3,84.4,0.8995,1.3062,-0.1117,1
27,1,825.84,935.03,5,342.41,0,-51.35,0.8832,0.4146,-0.1322,1
28,1,998.87,1210.78,6,1187.95,1,-107.91,0.825,1.1893,-0.2121,1
22,1,875.85,1010.82,2,255.95,4,35.78,0.8665,0.2922,-0.1541,1
19,0,649.96,586.46,5,599.25,5,-102.35,1.1083,0.922,0.0977,1
29,0,460.91,314.82,4,1116.95,4,525.63,1.464,2.4234,0.317,0
19,1,1652.59,1423.47,6,323.96,1,104.68,1.161,0.196,0.1386,0
25,0,408.9,512.7,5,1945.89,7,-161.93,0.7975,4.7588,-0.2539,1
21,1,819.45,1036.08,3,565.16,5,-386.24,0.7909,0.6897,-0.2644,1
19,0,786.63,894.8,4,618.32,5,-288.66,0.8791,0.786,-0.1375,1
28,2,1886.29,1401.7,2,743.98,2,498.6,1.3457,0.3944,0.2569,1
19,2,3323.16,2446.23,4,881.34,5,1079.57,1.3585,0.2652,0.2639,1
26,1,1260.45,1532.51,4,1060.06,6,-332.65,0.8225,0.841,-0.2158,1
27,1,822.78,575.4,4,1174.19,5,282.35,1.4299,1.4271,0.3007,1
18,0,461.56,465.67,0,0.0,1,29.99,0.9912,0.0,-0.0089,0
20,1,837.92,724.61,3,286.23,0,253.77,1.1564,0.3416,0.1352,0
28,0,368.01,298.61,4,314.31,6,399.86,1.2324,0.8541,0.1886,1
24,2,3215.0,3453.45,1,397.8,4,26.74,0.931,0.1237,-0.0742,0
19,2,1945.1,2473.58,5,265.55,2,-511.59,0.7864,0.1365,-0.2717,1
30,2,3316.47,3795.18,5,1489.34,0,-311.8,0.8739,0.4491,-0.1443,0
21,2,3840.24,3611.03,3,791.62,5,334.47,1.0635,0.2061,0.0597,0
18,2,3002.63,2727.88,6,1460.36,6,255.16,1.1007,0.4864,0.0915,1
30,0,619.3,765.06,6,1950.24,7,-298.56,0.8095,3.1491,-0.2354,1
18,2,3198.86,3213.81,3,1192.1,1,-135.93,0.9953,0.3727,-0.0047,0
25,1,713.79,676.42,6,398.46,4,208.32,1.0552,0.5582,0.0524,1
30,0,611.43,659.11,6,1590.51,9,148.98,0.9277,2.6013,-0.078,0
25,1,1405.99,1077.0,0,0.0,4,283.61,1.3055,0.0,0.234,1
25,0,465.46,300.04,6,942.47,3,218.58,1.5513,2.0248,0.3554,1
23,0,397.57,476.52,0,0.0,1,123.58,0.8343,0.0,-0.1986,0
19,0,432.51,443.36,3,629.84,2,-265.95,0.9755,1.4562,-0.0251,1
25,0,436.47,312.26,6,645.4,4,27.79,1.3978,1.4787,0.2846,1
29,1,766.51,619.83,5,1745.21,6,453.26,1.2366,2.2768,0.1914,1
19,2,1513.04,1956.29,1,380.02,3,-378.97,0.7734,0.2512,-0.293,1
29,1,1337.35,1396.32,4,339.32,5,-232.76,0.9578,0.2537,-0.0441,1
23,1,1571.71,1642.87,1,313.09,0,-51.28,0.9567,0.1992,-0.0453,0
24,0,326.52,212.41,1,125.25,6,233.88,1.5372,0.3836,0.3495,0
20,1,834.25,1066.42,6,314.12,1,-591.89,0.7823,0.3765,-0.2783,1
26,0,644.88,789.94,0,0.0,3,-127.53,0.8164,0.0,-0.2249,1
20,2,2842.69,2795.64,6,2095.31,2,-18.56,1.0168,0.7371,0.0166,1
21,0,410.46,335.17,3,298.24,3,-191.1,1.2246,0.7266,0.1834,1
27,1,726.06,790.42,0,0.0,5,-51.3,0.9186,0.0,-0.0886,1
18,1,1600.08,1893.47,5,1543.33,1,-284.82,0.8451,0.9645,-0.1834,1
23,1,926.7,1065.97,0,0.0,3,-103.75,0.8693,0.0,-0.1503,1
25,2,2298.48,2951.09,2,203.94,4,-582.14,0.7789,0.0887,-0.2839,1
19,0,436.47,456.46,1,130.5,3,-169.81,0.9562,0.299,-0.0458,1
21,2,2448.46,2019.63,5,1640.55,3,196.52,1.2123,0.67,0.1751,1
22,1,779.2,739.11,2,536.29,3,-67.98,1.0542,0.6883,0.0515,0
26,1,728.27,853.11,4,1265.3,8,17.17,0.8537,1.7374,-0.1714,1
30,1,1708.3,1342.28,0,0.0,1,409.27,1.2727,0.0,0.2143,0
28,2,3112.16,2371.42,4,841.35,3,590.64,1.3124,0.2703,0.238,1
20,2,2305.81,2553.42,4,1315.95,2,-395.91,0.903,0.5707,-0.1074,1
18,0,701.32,638.97,2,286.05,5,-3.28,1.0976,0.4079,0.0889,0
18,2,3949.18,4626.86,6,655.3,5,-477.21,0.8535,0.1659,-0.1716,1
25,1,1277.6,895.06,3,550.87,5,428.56,1.4274,0.4312,0.2994,0
20,1,1273.01,1062.95,4,666.73,0,133.91,1.1976,0.5237,0.165,0
21,2,2019.93,1591.04,1,114.92,0,70.67,1.2696,0.0569,0.2123,0
29,0,741.04,806.63,6,2303.28,6,-154.2,0.9187,3.1082,-0.0885,1
29,1,1754.67,1985.46,1,219.08,3,-243.53,0.8838,0.1249,-0.1315,1
28,0,587.15,539.71,4,1051.31,2,-94.72,1.0879,1.7905,0.0808,1
21,0,377.84,353.14,0,0.0,6,-39.28,1.0699,0.0,0.0654,0
26,2,2181.39,1510.44,0,0.0,6,653.34,1.4442,0.0,0.3076,1
25,0,758.22,827.43,0,0.0,2,-78.69,0.9164,0.0,-0.0913,0
20,0,527.38,682.76,6,2257.05,10,-9.96,0.7724,4.2797,-0.2946,1
25,0,341.54,390.91,1,194.31,3,-270.56,0.8737,0.5689,-0.1446,1
24,1,980.58,741.49,6,1942.33,6,164.65,1.3224,1.9808,0.2438,1
23,2,3141.38,3255.05,4,625.85,6,-372.27,0.9651,0.1992,-0.0362,1
27,2,2642.19,2130.85,0,0.0,0,403.76,1.24,0.0,0.1935,0
26,0,470.17,292.03,3,1123.32,4,10.3,1.61,2.3892,0.3789,1
24,1,911.51,661.64,3,806.32,3,456.21,1.3777,0.8846,0.2741,1
27,1,1629.24,1094.55,1,298.91,6,542.91,1.4885,0.1835,0.3282,0
27,1,1104.26,814.01,4,1426.38,5,373.67,1.3566,1.2917,0.2628,1
25,0,453.24,524.36,6,2243.39,9,-119.31,0.8644,4.9497,-0.1569,1
21,0,317.46,255.55,6,737.38,3,-105.66,1.2423,2.3227,0.195,1
27,1,1178.59,1331.72,3,355.63,4,-322.41,0.885,0.3017,-0.1299,1
27,1,1451.36,1834.81,6,1456.0,2,-350.29,0.791,1.0032,-0.2642,1
30,1,850.92,852.61,6,2390.58,6,269.78,0.998,2.8094,-0.002,1
19,1,1179.26,1108.25,0,0.0,6,135.44,1.0641,0.0,0.0602,1
23,2,3180.68,3578.55,4,663.27,3,-349.94,0.8888,0.2085,-0.1251,1
30,1,739.67,494.07,5,1190.21,2,212.59,1.4971,1.6091,0.332,1
24,0,737.32,663.4,0,0.0,0,67.87,1.1114,0.0,0.1003,0
30,2,1839.43,1745.95,4,448.09,2,377.84,1.0535,0.2436,0.0508,1
18,2,3020.55,3569.49,6,612.73,0,-306.96,0.8462,0.2029,-0.1817,0
18,0,680.04,795.61,1,59.77,3,-72.53,0.8547,0.0879,-0.1699,1
28,1,1606.93,1918.33,6,1816.65,3,-313.29,0.8377,1.1305,-0.1938,1
22,0,798.45,869.12,6,983.5,7,-7.69,0.9187,1.2318,-0.0885,1
24,1,1088.09,1056.96,4,435.95,2,107.04,1.0295,0.4007,0.0286,0
23,0,442.75,522.23,4,917.14,4,-146.94,0.8478,2.0715,-0.1795,1
23,1,1674.57,2028.4,3,489.62,4,-505.01,0.8256,0.2924,-0.2113,1
30,0,728.29,681.93,2,375.11,4,187.37,1.068,0.5151,0.0637,1
19,1,1223.04,1577.68,3,481.31,0,-276.3,0.7752,0.3935,-0.29,1
28,2,2764.98,3352.19,3,154.18,0,-431.1,0.8248,0.0558,-0.2124,1
29,0,422.28,404.26,3,872.75,4,261.86,1.0446,2.0668,0.0427,1
26,2,1528.57,991.28,5,443.71,5,467.32,1.542,0.2903,0.3515,1
23,2,1588.32,1202.59,5,633.5,1,441.51,1.3207,0.3988,0.2429,0
20,2,3481.56,3981.09,2,233.22,6,124.65,0.8745,0.067,-0.1435,0
26,0,634.29,429.93,3,497.94,4,210.56,1.4753,0.785,0.3222,1
24,2,1874.31,1740.97,1,106.07,6,-19.7,1.0766,0.0566,0.0711,1
19,0,539.25,551.87,1,171.43,1,-53.24,0.9771,0.3179,-0.0234,1
22,0,562.46,683.3,2,270.29,2,104.09,0.8232,0.4805,-0.2148,0
30,2,1782.2,2126.13,0,0.0,0,-491.14,0.8382,0.0,-0.193,1
21,1,957.51,1086.77,5,1773.49,7,-221.28,0.8811,1.8522,-0.135,1
20,1,1385.31,1226.53,0,0.0,4,283.93,1.1295,0.0,0.1146,0
26,0,471.16,329.61,2,166.7,0,78.62,1.4294,0.3538,0.3004,0
20,2,2359.18,2521.38,1,232.53,5,-151.94,0.9357,0.0986,-0.0688,1
29,1,1204.33,875.43,1,93.15,6,502.61,1.3757,0.0773,0.2731,0
29,1,1243.57,1234.77,2,641.17,4,-98.13,1.0071,0.5156,0.0071,1
30,2,1821.57,2343.4,5,357.76,5,-590.15,0.7773,0.1964,-0.2865,1
29,0,513.95,506.35,6,1275.74,4,-202.71,1.015,2.4822,0.0148,1
21,0,383.68,403.59,1,380.34,4,68.21,0.9507,0.9913,-0.0519,1
20,1,873.08,937.95,1,105.64,5,-19.12,0.9308,0.121,-0.0743,0
22,2,3297.01,3894.67,3,361.44,4,-593.22,0.8465,0.1096,-0.1813,1
24,0,422.96,382.56,2,520.33,5,-141.34,1.1056,1.2302,0.0955,1
29,0,605.95,574.6,5,1964.74,9,-15.82,1.0546,3.2424,0.0517,1
27,0,750.59,542.81,1,185.04,4,356.59,1.3828,0.2465,0.2768,1
26,2,1509.86,1555.57,2,554.05,0,-157.69,0.9706,0.367,-0.0303,0
29,0,396.9,320.31,3,309.93,2,-23.15,1.2391,0.7809,0.193,1
26,1,1513.88,1446.27,2,548.98,5,-123.13,1.0467,0.3626,0.0447,0
22,2,1640.3,1864.35,4,553.73,1,-250.2,0.8798,0.3376,-0.1366,1
23,0,553.31,338.79,5,1323.25,7,246.1,1.6332,2.3915,0.3877,0
24,1,1194.4,1188.12,3,243.09,3,322.2,1.0053,0.2035,0.0053,0
19,1,1132.92,817.3,3,701.22,4,365.17,1.3862,0.6189,0.2786,1
27,2,2732.41,2173.82,6,798.55,1,535.37,1.257,0.2923,0.2044,0
26,0,433.67,270.74,6,1731.59,7,300.21,1.6018,3.9929,0.3757,1
27,0,606.22,435.64,6,1870.11,8,256.28,1.3916,3.0849,0.2814,1
24,0,335.08,432.47,0,0.0,1,-171.67,0.7748,0.0,-0.2906,1
28,1,1128.39,1465.74,5,1986.69,4,77.16,0.7698,1.7606,-0.299,1
30,1,738.03,814.71,6,1264.65,8,-74.04,0.9059,1.7135,-0.1039,1
25,0,429.64,441.8,5,1423.54,5,24.06,0.9725,3.3133,-0.0283,1
23,0,602.59,689.31,5,282.24,4,7.43,0.8742,0.4684,-0.1439,1
19,2,2408.1,2956.15,2,733.56,1,-363.62,0.8146,0.3046,-0.2276,1
28,0,458.23,441.51,5,1327.55,8,242.34,1.0379,2.8971,0.0365,1
29,0,758.07,473.57,4,789.88,1,112.29,1.6008,1.042,0.3753,1
27,1,1639.49,1797.83,5,1010.05,4,-13.54,0.9119,0.6161,-0.0966,1
29,0,418.34,539.33,2,630.6,5,-88.11,0.7757,1.5074,-0.2892,1
29,0,754.65,589.11,5,1708.57,7,326.57,1.281,2.2641,0.2194,1
28,1,1774.71,1640.59,5,1663.83,1,71.18,1.0818,0.9375,0.0756,0
24,0,640.9,546.62,5,1143.52,5,15.53,1.1725,1.7842,0.1471,1
19,1,1356.52,1184.69,1,179.9,3,250.46,1.145,0.1326,0.1267,0
18,1,1571.76,1736.76,6,2285.63,3,-72.15,0.905,1.4542,-0.105,1
20,1,1065.08,921.17,1,271.97,2,17.73,1.1562,0.2554,0.1351,1
23,0,404.72,509.44,6,1441.67,9,128.3,0.7944,3.5621,-0.2587,1
27,2,3150.13,3631.35,0,0.0,3,-415.78,0.8675,0.0,-0.1528,1
23,0,689.57,427.09,1,270.45,4,262.44,1.6146,0.3922,0.3806,0
18,1,709.31,832.01,4,1198.3,8,-180.21,0.8525,1.6894,-0.173,1
20,0,335.79,383.14,3,730.84,5,4.03,0.8764,2.1765,-0.141,1
30,1,808.25,777.17,4,1425.5,8,128.64,1.04,1.7637,0.0385,1
30,0,521.59,494.35,2,701.8,8,-209.22,1.0551,1.3455,0.0522,1
22,0,608.56,721.06,0,0.0,4,-34.92,0.844,0.0,-0.1849,1
28,1,1201.01,1077.73,4,435.95,1,233.34,1.1144,0.363,0.1026,0
27,0,355.4,252.91,3,755.49,5,-273.73,1.4052,2.1257,0.2884,1
30,0,398.34,326.25,3,801.78,3,90.08,1.221,2.0128,0.181,1
29,1,998.08,784.13,2,466.37,4,334.0,1.2729,0.4673,0.2144,0
26,2,3472.57,3739.06,6,2170.21,1,-138.91,0.9287,0.625,-0.0767,1
23,0,541.27,392.54,5,412.79,7,236.96,1.3789,0.7626,0.2748,1
26,2,1843.23,1937.86,1,150.6,4,-117.63,0.9512,0.0817,-0.0513,0
22,1,789.63,731.34,0,0.0,3,-111.71,1.0797,0.0,0.0738,0
22,2,2174.97,2583.35,1,378.79,1,-613.85,0.8419,0.1742,-0.1878,1
25,1,1673.69,1572.43,0,0.0,0,251.78,1.0644,0.0,0.0605,0
25,1,1155.03,1444.78,4,469.7,4,-160.24,0.7995,0.4067,-0.2509,1
25,1,967.69,1190.58,4,788.46,6,-53.29,0.8128,0.8148,-0.2303,1
23,1,748.37,546.09,3,628.97,2,33.91,1.3704,0.8405,0.2703,0
23,2,1754.04,1894.92,4,927.4,0,-25.44,0.9257,0.5287,-0.0803,1
18,0,760.98,570.92,5,730.12,3,-48.48,1.3329,0.9594,0.2498,1
25,0,553.66,651.28,5,797.1,7,-228.3,0.8501,1.4397,-0.1763,1
25,0,519.2,542.57,3,838.37,6,-4.54,0.9569,1.6147,-0.045,1
30,2,2553.66,2057.95,4,1070.51,0,625.57,1.2409,0.4192,0.1941,0
24,0,629.41,487.41,4,1126.94,2,356.56,1.2913,1.7905,0.2256,1
24,1,1223.41,1101.93,6,1092.3,1,76.8,1.1102,0.8928,0.0993,0
18,2,2912.67,3380.17,5,838.8,5,-627.1,0.8617,0.288,-0.1605,0
20,2,1697.67,1964.74,2,346.08,5,-401.35,0.8641,0.2039,-0.1573,1
22,0,622.04,387.76,6,2297.47,7,69.87,1.6042,3.6934,0.3766,1
22,1,1341.29,1088.59,2,376.67,4,572.1,1.2321,0.2808,0.1884,0
22,2,3198.09,2865.47,5,1310.73,0,452.79,1.1161,0.4098,0.104,0
23,0,523.29,528.47,6,1397.97,7,162.68,0.9902,2.6715,-0.0099,1
27,1,1268.03,893.54,5,1783.39,3,321.04,1.4191,1.4064,0.2953,1
19,0,337.5,281.71,0,0.0,5,57.56,1.198,0.0,0.1653,0
22,1,1134.43,1383.91,1,201.95,3,-122.02,0.8197,0.178,-0.2199,1
20,1,1302.73,1216.21,5,1724.89,6,-8.59,1.0711,1.3241,0.0664,1
22,0,437.83,490.76,0,0.0,3,-92.39,0.8921,0.0,-0.1209,1
26,0,627.75,589.67,0,0.0,3,-65.59,1.0646,0.0,0.0607,0
18,0,454.31,420.46,1,189.97,6,-37.97,1.0805,0.4182,0.0745,0
22,0,798.82,827.06,3,1185.08,8,-20.1,0.9659,1.4835,-0.0354,1
18,1,1378.67,1077.51,0,0.0,3,139.76,1.2795,0.0,0.2184,0
30,0,592.65,459.22,1,53.69,2,183.13,1.2906,0.0906,0.2251,1
27,0,783.47,1012.67,2,687.63,5,-190.33,0.7737,0.8777,-0.2925,1
21,1,1255.47,1516.98,4,1184.45,2,-294.13,0.8276,0.9434,-0.2083,1
20,1,1198.33,1337.85,3,739.01,2,-251.14,0.8957,0.6167,-0.1164,1
19,1,1491.18,1037.86,5,663.22,5,368.67,1.4368,0.4448,0.304,1
24,2,2321.07,1441.75,6,613.56,6,794.59,1.6099,0.2643,0.3788,0
27,0,642.28,464.23,0,0.0,2,136.53,1.3835,0.0,0.2772,0
25,2,3713.43,4665.6,4,815.92,2,-698.93,0.7959,0.2197,-0.2564,1
29,0,308.41,361.27,1,351.57,7,-226.06,0.8537,1.1399,-0.1714,1
22,1,1485.78,1435.49,2,283.66,1,371.86,1.035,0.1909,0.0338,0
21,2,3360.85,4295.66,2,546.26,0,-921.73,0.7824,0.1625,-0.2781,1
24,2,2898.73,2036.67,4,548.38,0,809.77,1.4233,0.1892,0.2974,0
20,1,1311.08,1299.81,1,272.71,0,-103.14,1.0087,0.208,0.0086,0
30,1,1549.96,1128.77,6,401.52,6,486.85,1.3731,0.2591,0.2717,0
20,0,539.61,439.51,2,374.2,1,63.31,1.2278,0.6935,0.1855,0
24,1,1311.28,1649.71,5,552.2,2,-356.16,0.7949,0.4211,-0.2581,1
24,1,873.91,1055.5,6,1572.46,6,-276.17,0.828,1.7993,-0.2078,1
18,2,1944.18,1305.05,3,482.56,4,636.69,1.4897,0.2482,0.3287,0
24,1,1430.39,1108.1,0,0.0,5,411.29,1.2908,0.0,0.2253,1
23,0,323.03,328.25,4,360.43,7,22.06,0.9841,1.1158,-0.0162,1
21,1,1117.55,718.53,2,489.35,2,320.61,1.5553,0.4379,0.357,0
19,0,707.39,696.82,2,515.57,2,-97.36,1.0152,0.7288,0.0149,0
18,0,664.84,670.92,3,173.21,0,-121.19,0.9909,0.2605,-0.0091,0
18,0,504.3,405.29,2,125.19,6,28.01,1.2443,0.2482,0.1963,0
24,1,1745.06,1405.1,1,157.88,2,413.9,1.2419,0.0905,0.1948,0
19,0,518.12,393.96,6,1579.06,10,210.88,1.3152,3.0477,0.2396,1
30,0,589.51,739.82,1,386.92,2,-19.12,0.7968,0.6563,-0.255,1
21,0,558.75,487.35,3,245.32,5,77.19,1.1465,0.4391,0.1278,1
26,2,3980.54,4019.1,5,1480.53,4,26.84,0.9904,0.3719,-0.0097,1
26,1,1071.89,869.41,1,292.45,4,181.57,1.2329,0.2728,0.1889,1
24,0,770.31,841.07,4,1137.26,6,-331.02,0.9159,1.4764,-0.0919,1
29,0,514.01,344.91,6,1383.91,6,95.46,1.4903,2.6924,0.329,1
19,1,911.49,592.6,5,1941.95,3,285.1,1.5381,2.1305,0.3499,1
21,0,418.19,468.79,0,0.0,0,-208.59,0.8921,0.0,-0.121,1
21,1,909.1,1007.89,2,686.81,3,-185.07,0.902,0.7555,-0.1087,1
19,0,570.29,447.96,0,0.0,6,112.1,1.2731,0.0,0.2145,1
21,2,3740.7,3174.11,4,1328.83,4,258.28,1.1785,0.3552,0.1515,1
22,0,657.28,834.8,2,797.58,5,-279.39,0.7874,1.2135,-0.2701,1
27,1,1730.1,1164.41,6,2211.18,2,652.44,1.4858,1.2781,0.327,1
21,0,632.45,460.55,1,156.43,3,-112.28,1.3732,0.2473,0.2718,0
29,2,3344.51,3013.49,5,1730.78,2,257.24,1.1098,0.5175,0.099,1
28,2,3699.34,2950.11,2,166.68,0,351.13,1.254,0.0451,0.2025,0
29,1,1314.16,1385.53,6,1723.19,5,-183.3,0.9485,1.3112,-0.0543,1
19,1,716.47,776.24,1,169.75,2,-84.41,0.923,0.2369,-0.0834,1
30,0,506.99,491.01,1,280.53,2,-136.45,1.0325,0.5533,0.0315,1
25,2,1946.57,2000.76,2,388.57,4,36.37,0.9729,0.1996,-0.0278,1
30,1,1519.16,1372.4,6,318.97,0,308.58,1.1069,0.21,0.0966,0
22,0,596.81,675.75,5,654.73,7,68.76,0.8832,1.097,-0.1323,1
30,1,1380.24,868.82,5,324.18,1,611.0,1.5886,0.2349,0.3705,0
25,1,983.22,805.28,3,598.63,4,-46.83,1.221,0.6088,0.181,1
18,2,2920.0,3150.98,5,1720.12,5,-229.47,0.9267,0.5891,-0.0791,1
23,1,1140.79,947.71,4,1233.2,2,253.29,1.2037,1.081,0.1693,1
19,1,878.56,575.43,4,1304.48,3,389.84,1.5268,1.4848,0.345,1
30,1,761.51,640.82,5,1662.6,5,375.82,1.1883,2.1833,0.1585,1
21,0,305.38,335.32,6,1081.07,10,135.21,0.9107,3.5401,-0.098,1
20,0,361.49,247.76,4,908.44,7,246.61,1.459,2.513,0.3146,1
25,0,378.0,418.54,3,683.87,5,357.27,0.9031,1.8092,-0.1072,1
23,1,1472.32,1682.6,4,358.49,5,-146.21,0.875,0.2435,-0.1428,1
19,0,512.49,535.4,5,1296.75,6,-65.68,0.9572,2.5303,-0.0447,1
28,0,437.47,337.27,6,1812.38,10,128.16,1.2971,4.1429,0.229,1
28,0,514.54,598.77,4,1055.35,8,-198.44,0.8593,2.0511,-0.1637,1
27,0,497.42,373.12,6,1866.53,6,127.48,1.3331,3.7524,0.2499,1
26,1,787.74,972.13,5,458.06,2,-446.4,0.8103,0.5815,-0.2341,1
23,0,368.95,403.87,6,1898.96,7,-105.47,0.9135,5.1469,-0.0946,1
25,0,627.96,400.83,5,614.25,2,223.61,1.5666,0.9782,0.3617,1
24,1,922.0,1069.06,6,2141.34,3,15.1,0.8624,2.3225,-0.1595,1
20,0,687.71,656.42,1,135.73,0,197.8,1.0477,0.1974,0.0455,0
19,0,400.84,367.51,6,1333.18,4,-109.23,1.0907,3.326,0.0832,1
21,0,665.69,595.37,2,441.09,4,388.47,1.1181,0.6626,0.1056,1
23,2,1838.49,1883.79,5,720.49,2,-20.03,0.976,0.3919,-0.0246,1
20,0,362.66,401.54,2,353.2,4,-2.16,0.9032,0.9739,-0.1072,1
19,1,853.46,1047.35,3,344.88,5,-397.9,0.8149,0.4041,-0.2272,1
29,2,1960.59,1550.95,5,1247.68,5,241.27,1.2641,0.6364,0.2089,1
22,1,956.71,996.45,3,1108.68,4,116.13,0.9601,1.1588,-0.0415,1
25,0,615.12,664.6,5,804.06,4,-17.05,0.9255,1.3072,-0.0804,1
24,1,936.52,1004.28,0,0.0,4,-53.55,0.9325,0.0,-0.0724,1
27,1,823.58,778.37,5,1758.29,5,66.64,1.0581,2.1349,0.0549,1
27,0,552.7,482.9,2,416.75,4,-161.53,1.1445,0.754,0.1263,1
21,1,1696.33,1923.07,5,1704.71,3,-188.64,0.8821,1.0049,-0.1337,1
29,0,435.72,352.94,1,206.24,1,286.65,1.2345,0.4733,0.19,0
22,0,687.6,512.7,4,816.34,2,291.07,1.3411,1.1872,0.2544,1
28,0,631.11,619.8,4,420.14,4,-9.31,1.0182,0.6657,0.0179,1
23,0,357.64,281.58,0,0.0,5,317.8,1.2701,0.0,0.2127,0
19,0,446.69,278.41,3,792.07,4,-17.61,1.6044,1.7732,0.3767,1
27,1,747.76,475.65,4,1358.27,2,127.51,1.5721,1.8165,0.3639,1
18,2,2508.8,2725.83,5,486.96,4,115.89,0.9204,0.1941,-0.0865,1
28,0,617.67,791.36,6,2211.2,10,-60.22,0.7805,3.5799,-0.2812,1
18,1,1449.06,1330.65,2,351.22,3,71.79,1.089,0.2424,0.0817,1
20,1,1323.98,930.68,4,795.36,0,270.41,1.4226,0.6007,0.2971,1
25,0,647.94,759.81,1,363.06,0,-218.72,0.8528,0.5603,-0.1727,1
30,0,592.24,463.73,6,2182.22,8,179.18,1.2771,3.6847,0.217,1
23,0,559.66,725.84,6,1402.2,9,-92.19,0.7711,2.5054,-0.2969,1
19,0,577.21,573.91,6,881.21,2,6.49,1.0058,1.5267,0.0057,1
21,0,410.95,313.49,3,330.54,6,-98.16,1.3109,0.8043,0.2372,1
29,0,640.22,606.42,2,290.11,5,65.93,1.0557,0.4531,0.0528,0
27,1,1445.66,1206.79,5,1616.1,1,106.46,1.1979,1.1179,0.1652,0
19,0,481.73,551.88,5,818.03,3,-223.13,0.8729,1.6981,-0.1456,1
23,0,374.87,252.69,1,293.1,1,305.04,1.4835,0.7819,0.3259,0
21,0,598.42,718.05,3,354.96,3,205.79,0.8334,0.5932,-0.1999,1
20,1,1137.55,1293.55,4,869.91,2,159.33,0.8794,0.7647,-0.1371,1
29,0,470.15,565.57,3,519.71,7,-2.61,0.8313,1.1054,-0.203,1
26,1,1731.04,2123.11,2,452.53,0,-405.55,0.8153,0.2614,-0.2265,0
20,0,722.73,549.89,1,249.48,4,151.9,1.3143,0.3452,0.2391,0
26,0,354.53,342.02,2,793.65,8,73.36,1.0366,2.2386,0.0353,0
23,2,2996.28,3580.39,1,364.96,1,-652.67,0.8369,0.1218,-0.1949,1
18,0,496.92,429.42,2,587.11,2,263.48,1.1572,1.1815,0.1358,1
23,0,799.86,513.74,1,103.81,5,-91.47,1.5569,0.1298,0.3577,1
20,0,412.51,331.72,2,743.32,2,40.2,1.2435,1.8019,0.1958,0
21,2,3265.97,2512.66,4,1449.62,3,726.09,1.2998,0.4439,0.2307,1
29,1,770.13,931.12,2,720.69,2,-303.62,0.8271,0.9358,-0.209,1
27,1,931.01,860.9,0,0.0,0,23.87,1.0814,0.0,0.0753,0
19,2,2483.99,2678.94,5,548.74,3,-56.78,0.9272,0.2209,-0.0785,1
29,0,540.45,688.25,3,942.12,5,105.59,0.7853,1.7432,-0.2735,1
25,2,2097.23,1697.56,4,743.92,2,177.37,1.2354,0.3547,0.1906,0
29,0,553.19,626.68,3,511.8,6,-268.16,0.8827,0.9252,-0.1328,1
27,1,1362.04,838.93,3,560.32,0,397.67,1.6235,0.4114,0.3841,0
22,0,696.2,468.46,3,737.02,4,-9.07,1.4861,1.0586,0.3271,1
24,0,549.41,391.9,5,833.66,3,-96.25,1.4019,1.5174,0.2867,1
24,2,3753.68,3073.11,5,1457.36,5,477.19,1.2215,0.3882,0.1813,1
27,0,389.94,343.96,6,1660.22,9,231.69,1.1337,4.2576,0.1179,1
21,2,2361.19,2205.14,3,684.31,4,118.05,1.0708,0.2898,0.0661,0
22,0,655.08,505.55,2,137.78,0,133.0,1.2958,0.2103,0.2283,0
21,1,1598.81,1033.39,0,0.0,3,461.56,1.5472,0.0,0.3537,0
21,2,2517.05,2703.98,3,582.28,0,-38.51,0.9309,0.2313,-0.0743,1
20,0,360.85,222.49,6,1243.85,7,415.67,1.6219,3.447,0.3834,1
18,2,2607.22,3041.66,1,209.61,6,-573.14,0.8572,0.0804,-0.1666,1
30,1,1107.36,1384.65,5,888.8,6,17.45,0.7997,0.8026,-0.2504,1
18,1,1521.8,1669.81,5,1430.53,1,-49.59,0.9114,0.94,-0.0973,1
29,0,532.8,541.95,4,219.48,2,-6.39,0.9831,0.4119,-0.0172,1
18,1,1433.27,1519.14,3,1067.18,7,-11.86,0.9435,0.7446,-0.0599,1
28,1,1513.86,1599.48,5,429.27,1,-6.55,0.9465,0.2836,-0.0566,0
22,1,1524.7,1909.22,0,0.0,5,-14.76,0.7986,0.0,-0.2522,1
24,0,707.45,902.01,0,0.0,2,-118.02,0.7843,0.0,-0.275,1
21,0,674.41,606.09,1,73.19,3,134.11,1.1127,0.1085,0.1013,1
24,2,2048.64,2114.11,5,1234.26,6,-121.73,0.969,0.6025,-0.032,1
23,0,760.2,883.33,3,497.87,4,-8.12,0.8606,0.6549,-0.162,1
24,1,1354.03,813.4,1,383.57,1,399.01,1.6647,0.2833,0.3993,0
23,2,2525.7,2447.18,0,0.0,0,88.5,1.0321,0.0,0.0311,0
24,0,380.47,402.16,3,682.37,3,412.73,0.9461,1.7935,-0.057,1
28,0,437.88,482.56,2,400.84,3,-409.89,0.9074,0.9154,-0.102,1
23,1,1259.59,1080.92,1,398.55,0,191.95,1.1653,0.3164,0.1418,0
22,0,537.19,433.49,0,0.0,6,119.34,1.2392,0.0,0.193,0
19,1,885.94,644.52,5,1149.38,1,142.85,1.3746,1.2974,0.2725,0
22,1,986.57,977.17,5,946.4,4,-23.69,1.0096,0.9593,0.0095,1
19,1,1703.35,2118.14,1,163.6,6,-377.29,0.8042,0.096,-0.2435,1
20,0,658.33,807.89,3,890.69,4,-154.07,0.8149,1.353,-0.2272,1
30,1,1772.24,1509.91,1,255.76,3,232.6,1.1737,0.1443,0.148,1
19,1,965.63,753.67,2,693.73,1,148.75,1.2812,0.7184,0.2195,0
24,0,614.89,708.45,0,0.0,5,233.3,0.8679,0.0,-0.1522,1
28,1,1331.29,1474.39,6,1522.9,7,-178.36,0.9029,1.1439,-0.1075,1
30,2,3903.85,3723.25,5,1085.37,5,241.99,1.0485,0.278,0.0463,0
19,1,1408.35,1228.53,6,1901.5,3,67.17,1.1464,1.3502,0.1277,1
20,1,1477.42,1014.48,2,390.49,2,468.35,1.4563,0.2643,0.3133,0
22,0,481.9,553.99,6,2089.07,10,59.56,0.8699,4.3351,-0.1496,1
25,0,662.18,683.52,3,493.4,6,40.98,0.9688,0.7451,-0.0322,1
30,0,615.83,531.96,1,292.42,2,-79.44,1.1577,0.4748,0.1362,0
20,0,393.93,489.71,2,725.08,8,-182.64,0.8044,1.8406,-0.2431,1
20,2,1845.81,1959.83,5,1595.88,2,157.45,0.9418,0.8646,-0.0618,1
21,0,326.68,408.5,5,849.56,8,-188.37,0.7997,2.6006,-0.2505,1
29,2,1672.38,1558.81,5,1486.09,4,181.79,1.0729,0.8886,0.0679,1
18,0,791.91,727.16,1,122.44,4,-82.23,1.089,0.1546,0.0818,1
22,0,565.75,710.62,4,281.43,4,19.21,0.7961,0.4974,-0.2561,1
19,0,700.34,890.73,6,1961.9,7,-282.14,0.7863,2.8014,-0.2719,1
20,0,597.59,760.46,0,0.0,5,-311.27,0.7858,0.0,-0.2725,1
29,1,1485.73,1743.1,2,116.05,5,-329.51,0.8523,0.0781,-0.1732,1
18,2,2621.57,2421.5,0,0.0,5,128.09,1.0826,0.0,0.0763,0
22,2,1894.74,1415.77,0,0.0,0,486.92,1.3383,0.0,0.2528,0
29,0,413.91,359.44,6,2201.07,9,58.5,1.1515,5.3178,0.1316,1
25,1,1763.78,2216.73,1,325.86,5,-600.14,0.7957,0.1848,-0.2568,1
18,0,418.95,357.99,1,365.23,7,53.54,1.1703,0.8718,0.1455,1
24,2,3924.37,4433.37,0,0.0,2,-530.15,0.8852,0.0,-0.1297,1
30,1,1488.62,1854.97,6,2345.39,7,-303.88,0.8025,1.5755,-0.2461,1
23,0,418.34,535.17,3,810.56,5,-1.8,0.7817,1.9376,-0.2793,1
24,0,729.34,921.43,5,647.7,2,-159.67,0.7915,0.8881,-0.2634,1
24,0,421.49,416.66,1,186.35,6,45.21,1.0116,0.4421,0.0115,0
26,0,480.45,453.7,4,1252.63,6,289.79,1.059,2.6072,0.0557,1
20,2,3046.18,3933.68,6,629.64,4,-971.66,0.7744,0.2067,-0.2913,1
28,1,1092.47,822.33,4,1501.78,4,110.77,1.3285,1.3747,0.2473,0
30,2,2438.08,1782.9,3,365.54,0,550.47,1.3675,0.1499,0.2687,0
19,0,543.18,692.13,1,356.59,3,-314.72,0.7848,0.6565,-0.2742,1
28,1,1135.59,1229.2,1,219.3,5,-100.6,0.9238,0.1931,-0.0824,1
28,0,417.83,407.56,4,1376.87,6,-79.9,1.0252,3.2953,0.0246,0
27,1,1321.33,914.93,3,1156.21,7,274.7,1.4442,0.875,0.3076,0
22,0,485.22,465.46,0,0.0,5,-18.62,1.0425,0.0,0.0407,1
24,0,459.13,578.94,1,293.81,4,42.05,0.7931,0.6399,-0.261,1
28,1,1357.4,1387.3,3,388.05,5,139.02,0.9784,0.2859,-0.022,1
19,0,610.62,539.32,1,330.28,6,206.47,1.1322,0.5409,0.1168,1
28,1,1550.97,1528.9,3,1010.92,5,68.55,1.0144,0.6518,0.0142,0
29,1,1097.73,1339.56,2,306.67,5,-225.51,0.8195,0.2794,-0.2203,1
26,0,458.52,568.1,2,116.9,4,-440.14,0.8071,0.255,-0.239,1
22,2,1641.34,1444.48,0,0.0,6,260.51,1.1363,0.0,0.1199,0
25,1,1317.34,1351.12,3,328.5,0,-371.82,0.975,0.2494,-0.0256,0
18,2,1695.44,1348.62,1,336.49,2,45.98,1.2572,0.1985,0.2046,1
30,1,1602.78,1467.76,4,565.54,6,98.07,1.092,0.3528,0.0842,0
22,1,916.43,690.91,6,2281.75,6,272.8,1.3264,2.4898,0.2461,1
18,1,1564.64,1520.88,6,2340.8,2,-28.13,1.0288,1.4961,0.028,1
28,2,3062.78,3077.38,4,1472.37,5,219.56,0.9953,0.4807,-0.0048,1
26,1,1765.7,1476.98,5,1299.33,5,294.28,1.1955,0.7359,0.1635,1
26,0,411.97,325.66,6,861.6,9,23.46,1.265,2.0914,0.2095,1
18,0,455.37,321.36,4,1330.16,4,346.33,1.417,2.9211,0.2943,1
27,1,1543.09,1076.58,1,295.56,1,685.09,1.4333,0.1915,0.3023,0
26,0,453.6,498.06,3,1176.03,6,32.26,0.9107,2.5927,-0.098,1
28,0,466.4,352.2,5,910.19,3,-3.69,1.3242,1.9515,0.2449,1
28,0,616.55,420.85,4,282.28,3,118.99,1.465,0.4578,0.3174,0
20,1,760.0,987.4,2,798.87,3,-465.97,0.7697,1.0511,-0.2992,1
20,0,759.7,594.04,1,343.39,1,152.9,1.2789,0.452,0.2181,0
30,1,763.54,937.04,1,127.52,5,-296.46,0.8148,0.167,-0.2272,1
24,1,840.74,862.96,2,607.94,1,-65.82,0.9743,0.7231,-0.0264,0
23,2,1951.31,2147.51,5,251.21,6,-144.53,0.9086,0.1287,-0.1005,1
21,0,651.88,647.08,3,735.7,2,-292.72,1.0074,1.1286,0.0074,1
26,1,1270.5,923.1,0,0.0,4,131.65,1.3763,0.0,0.2734,0
27,1,1576.58,1880.76,6,1100.8,7,-325.89,0.8383,0.6982,-0.1929,1
18,1,1622.14,1913.45,2,271.16,0,-295.66,0.8478,0.1672,-0.1796,0
25,1,1508.44,1274.3,2,292.39,6,131.77,1.1837,0.1938,0.1552,1
30,0,535.57,607.71,5,1045.67,4,-99.35,0.8813,1.9524,-0.1347,1
21,2,3932.44,3854.3,2,273.7,5,-24.94,1.0203,0.0696,0.0199,0
21,0,607.62,751.22,4,853.02,7,-351.05,0.8088,1.4039,-0.2363,1
