age,employment_status,monthly_income,monthly_expenses,num_bnpl_plans,bnpl_outstanding,missed_payments,forecasted_cash_flow,income_expense_ratio,bnpl_income_ratio,savings_rate,bnpl_risk
25,0,910.69,925.68,0,0.0,2,-20.26,0.9838,0.0,-0.0165,0
23,1,4407.36,3033.11,0,0.0,3,1067.03,1.4531,0.0,0.3118,0
24,1,2757.79,2024.66,4,257.37,0,731.5,1.3621,0.0933,0.2658,0
22,0,320.77,407.28,6,814.33,5,-335.93,0.7876,2.5387,-0.2697,0
19,0,2483.83,2373.57,4,1036.84,0,-77.98,1.0465,0.4174,0.0444,0
26,0,793.11,582.15,6,1171.91,4,127.13,1.3624,1.4776,0.266,1
25,1,4169.74,4829.82,5,1365.72,2,-440.49,0.8633,0.3275,-0.1583,0
24,1,682.92,634.71,1,255.24,0,-157.31,1.076,0.3737,0.0706,0
18,1,786.51,823.39,0,0.0,2,-157.25,0.9552,0.0,-0.0469,0
21,0,322.53,260.69,3,224.45,5,68.07,1.2372,0.6959,0.1917,1
22,0,613.67,393.08,4,816.86,7,236.86,1.5612,1.3311,0.3595,0
24,0,2705.15,1935.43,5,1755.09,4,688.22,1.3977,0.6488,0.2845,1
22,0,921.92,1181.1,3,530.9,4,-396.65,0.7806,0.5759,-0.2811,1
25,1,3521.11,3649.67,6,1357.96,4,-348.34,0.9648,0.3857,-0.0365,1
22,0,980.98,1159.28,5,287.76,6,-52.38,0.8462,0.2933,-0.1818,1
21,0,2141.87,1317.39,4,513.84,6,1115.82,1.6258,0.2399,0.3849,1
21,0,754.79,857.31,3,636.84,1,-128.0,0.8804,0.8437,-0.1358,0
18,0,573.96,539.22,0,0.0,3,-142.45,1.0644,0.0,0.0605,0
24,0,797.07,849.45,5,1500.65,8,-119.51,0.9383,1.8827,-0.0657,0
23,0,870.52,740.59,4,1056.63,7,183.98,1.1754,1.2138,0.1493,1
24,2,7565.21,7827.03,6,2148.59,3,-251.74,0.9665,0.284,-0.0346,0
21,1,7703.93,4814.45,0,0.0,3,3355.23,1.6002,0.0,0.3751,0
26,2,935.12,590.91,1,134.43,0,448.69,1.5825,0.1438,0.3681,0
24,1,2534.75,2938.25,4,224.69,3,-256.11,0.8627,0.0886,-0.1592,0
24,1,805.26,553.31,3,1047.19,4,-116.16,1.4554,1.3004,0.3129,1
23,0,666.28,406.29,4,660.77,5,176.01,1.6399,0.9917,0.3902,1
22,0,831.89,1030.48,3,514.47,3,-243.55,0.8073,0.6184,-0.2387,1
18,0,878.06,690.04,4,421.75,1,80.7,1.2725,0.4803,0.2141,1
22,0,316.23,318.65,4,1170.21,10,26.89,0.9924,3.7005,-0.0077,1
21,0,2872.61,3410.48,1,148.04,1,-376.4,0.8423,0.0515,-0.1872,0
23,0,535.19,600.56,5,559.3,3,-319.27,0.8912,1.045,-0.1221,1
25,1,941.41,595.57,3,678.56,4,500.3,1.5807,0.7208,0.3674,0
23,0,578.39,574.15,4,1250.58,5,5.47,1.0074,2.1622,0.0073,1
23,0,920.37,901.28,4,577.44,0,68.29,1.0212,0.6274,0.0207,0
21,1,623.24,526.67,5,1513.57,7,207.25,1.1834,2.4286,0.1549,1
21,0,501.91,565.9,2,423.38,2,-173.39,0.8869,0.8435,-0.1275,1
19,2,929.55,1184.99,0,0.0,6,-31.45,0.7844,0.0,-0.2748,0
21,0,691.91,486.43,1,175.83,5,138.55,1.4224,0.2541,0.297,0
22,2,3192.31,2239.91,6,605.72,2,1253.74,1.4252,0.1897,0.2983,0
21,1,4978.31,5547.41,1,166.42,3,-571.68,0.8974,0.0334,-0.1143,1
22,0,377.54,346.62,1,357.74,7,240.66,1.0892,0.9476,0.0819,1
24,0,397.38,459.63,6,514.55,1,-187.25,0.8646,1.2949,-0.1567,0
22,0,555.02,387.82,1,385.41,3,508.63,1.4311,0.6944,0.3013,0
23,0,724.53,454.93,3,262.87,0,103.77,1.5926,0.3628,0.3721,0
25,0,2221.68,2418.42,2,353.42,0,-6.09,0.9186,0.1591,-0.0886,0
24,3,2608.97,3382.0,4,1048.83,6,-783.43,0.7714,0.402,-0.2963,1
21,0,485.1,323.25,4,1372.98,4,244.36,1.5007,2.8303,0.3336,1
22,1,1897.53,2286.59,3,300.76,6,-296.54,0.8299,0.1585,-0.205,1
21,0,993.6,864.14,3,298.16,5,-27.88,1.1498,0.3001,0.1303,0
21,3,574.7,351.57,5,1349.66,7,-217.85,1.6347,2.3485,0.3883,1
22,0,1267.57,1213.08,4,609.85,5,421.3,1.0449,0.4811,0.043,1
18,0,706.2,561.57,3,826.73,2,113.14,1.2575,1.1707,0.2048,1
25,0,942.83,1023.33,6,2023.22,3,-517.13,0.9213,2.1459,-0.0854,1
21,0,849.9,681.18,0,0.0,2,216.3,1.2477,0.0,0.1985,1
23,1,884.52,828.96,5,1727.86,7,156.78,1.067,1.9534,0.0628,1
25,0,948.83,702.51,1,63.15,2,142.77,1.3506,0.0666,0.2596,0
21,0,744.94,878.78,2,729.18,2,-208.24,0.8477,0.9788,-0.1797,0
22,0,995.45,1242.12,0,0.0,5,-271.52,0.8014,0.0,-0.2478,1
22,0,323.26,285.22,3,850.83,7,210.23,1.1334,2.632,0.1177,1
19,0,883.55,807.76,5,1972.45,6,76.13,1.0938,2.2324,0.0858,1
22,0,899.05,1157.87,2,675.39,3,-14.73,0.7765,0.7512,-0.2879,0
23,0,940.77,658.05,4,262.11,5,368.17,1.4296,0.2786,0.3005,1
22,0,634.24,739.55,2,102.67,5,-126.67,0.8576,0.1619,-0.166,0
25,0,850.64,848.17,5,286.4,2,-233.66,1.0029,0.3367,0.0029,1
22,2,436.36,530.84,6,1249.0,4,-128.44,0.822,2.8623,-0.2165,1
21,0,721.59,580.66,5,1340.92,8,220.34,1.2427,1.8583,0.1953,1
22,1,4561.75,3682.75,2,437.03,0,840.78,1.2387,0.0958,0.1927,0
21,0,1863.31,1542.96,5,1434.98,4,373.44,1.2076,0.7701,0.1719,1
19,0,772.22,472.32,0,0.0,6,376.66,1.635,0.0,0.3884,0
23,0,542.6,390.09,6,389.38,3,236.86,1.391,0.7176,0.2811,1
21,0,451.15,584.79,5,645.79,7,-161.95,0.7715,1.4314,-0.2962,1
23,0,524.86,406.38,4,1589.67,7,184.45,1.2915,3.0288,0.2257,1
25,0,764.11,469.12,4,684.21,6,555.2,1.6288,0.8954,0.3861,1
22,0,773.14,614.63,1,163.67,4,-98.68,1.2579,0.2117,0.205,0
18,3,818.18,724.8,3,310.43,1,151.92,1.1288,0.3794,0.1141,0
21,0,388.45,382.02,0,0.0,6,281.1,1.0168,0.0,0.0166,1
21,0,872.14,565.14,2,261.32,3,142.51,1.5432,0.2996,0.352,0
21,0,4562.62,5262.07,4,1105.56,3,-617.23,0.8671,0.2423,-0.1533,1
22,0,321.32,378.47,2,129.43,4,120.43,0.849,0.4028,-0.1779,0
26,1,5270.9,3949.02,5,366.33,6,943.42,1.3347,0.0695,0.2508,1
23,0,626.23,725.73,5,1504.32,9,6.72,0.8629,2.4022,-0.1589,1
22,0,552.07,470.92,3,816.93,4,26.53,1.1723,1.4798,0.147,1
25,0,382.07,342.4,2,576.11,3,27.28,1.1159,1.5079,0.1038,1
23,0,444.94,558.61,2,261.68,2,-159.09,0.7965,0.5881,-0.2555,0
19,2,1623.04,1987.14,3,1184.13,2,-92.37,0.8168,0.7296,-0.2243,0
19,0,365.06,314.89,5,1227.16,7,23.91,1.1593,3.3615,0.1374,1
22,1,3712.67,3496.14,0,0.0,3,112.92,1.0619,0.0,0.0583,0
22,0,873.16,699.02,3,322.38,0,95.18,1.2491,0.3692,0.1994,0
22,2,668.12,641.93,3,575.35,4,-29.98,1.0408,0.8611,0.0392,1
23,0,596.72,642.87,2,334.98,5,-198.08,0.9282,0.5614,-0.0773,1
21,0,762.85,507.19,1,314.28,3,123.43,1.5041,0.412,0.3351,1
23,1,1475.16,1834.93,5,1558.25,1,-350.65,0.8039,1.0563,-0.2439,0
21,0,391.93,432.38,3,660.87,4,18.01,0.9064,1.6862,-0.1032,1
22,0,455.61,304.22,4,222.61,2,341.37,1.4976,0.4886,0.3323,0
21,3,455.54,550.43,0,0.0,4,-61.46,0.8276,0.0,-0.2083,1
22,0,719.37,806.11,1,67.59,1,-136.65,0.8924,0.094,-0.1206,0
23,1,1104.64,904.91,1,346.46,2,-4.04,1.2207,0.3136,0.1808,0
18,1,2344.26,2262.22,2,302.84,5,117.98,1.0363,0.1292,0.035,1
19,1,689.09,828.35,5,456.36,1,-144.13,0.8319,0.6623,-0.2021,0
26,1,978.11,1249.72,4,695.84,7,-282.39,0.7827,0.7114,-0.2777,1
25,0,519.62,414.01,6,462.31,3,122.72,1.2551,0.8897,0.2032,0
23,0,663.62,700.38,2,785.2,6,38.49,0.9475,1.1832,-0.0554,1
22,0,635.78,764.32,5,801.26,1,-65.45,0.8318,1.2603,-0.2022,0
26,1,800.93,1034.57,1,376.57,2,-243.13,0.7742,0.4702,-0.2917,0
24,1,810.47,526.4,5,1444.78,4,176.84,1.5396,1.7826,0.3505,1
22,0,809.62,771.19,4,992.55,4,-56.97,1.0498,1.2259,0.0475,0
21,0,440.86,534.13,0,0.0,0,33.84,0.8254,0.0,-0.2116,0
23,0,613.92,369.71,4,1162.33,3,180.58,1.6605,1.8933,0.3978,1
19,0,867.01,785.57,3,870.59,7,-119.16,1.1037,1.0041,0.0939,1
26,1,566.69,571.76,0,0.0,6,168.74,0.9911,0.0,-0.0089,1
23,0,1771.38,1715.66,5,1838.62,4,-93.61,1.0325,1.038,0.0315,0
22,0,554.99,617.67,3,536.36,1,-47.7,0.8985,0.9664,-0.1129,1
22,1,3105.0,2005.41,4,694.58,1,1196.79,1.5483,0.2237,0.3541,0
22,2,1850.28,2127.44,4,769.23,6,-257.8,0.8697,0.4157,-0.1498,1
21,0,603.13,481.43,0,0.0,6,-256.95,1.2528,0.0,0.2018,0
26,2,4670.62,5497.14,2,363.21,5,-656.17,0.8496,0.0778,-0.177,1
24,0,408.54,365.09,4,723.36,8,232.89,1.119,1.7706,0.1064,0
21,1,4893.83,3083.32,2,144.43,4,1716.25,1.5872,0.0295,0.37,0
22,0,732.4,933.62,6,1174.95,6,-537.5,0.7845,1.6042,-0.2747,1
21,0,895.0,1026.01,2,204.63,5,212.14,0.8723,0.2286,-0.1464,1
21,1,2800.73,2362.34,3,1048.37,4,155.69,1.1856,0.3743,0.1565,1
22,0,971.05,766.18,3,501.24,2,-7.64,1.2674,0.5162,0.211,0
19,0,2352.38,2381.25,0,0.0,4,91.52,0.9879,0.0,-0.0123,0
22,0,543.77,702.06,5,1447.92,5,-61.15,0.7745,2.6627,-0.2911,1
19,0,901.07,723.66,0,0.0,4,185.0,1.2452,0.0,0.1969,0
21,0,6699.39,8466.62,3,1145.14,2,-1417.99,0.7913,0.1709,-0.2638,0
21,0,479.78,398.83,6,801.76,5,264.3,1.203,1.6711,0.1687,1
23,0,726.54,794.01,6,1491.31,4,-54.8,0.915,2.0526,-0.0929,1
19,2,4124.51,3576.83,1,64.25,6,157.59,1.1531,0.0156,0.1328,0
22,3,754.05,497.32,2,170.53,5,448.16,1.5162,0.2262,0.3405,1
21,0,365.46,458.77,3,534.92,2,-66.24,0.7966,1.4637,-0.2553,1
26,0,813.2,581.23,4,1155.5,5,400.51,1.3991,1.4209,0.2853,1
23,0,593.45,748.51,1,341.09,3,-76.32,0.7928,0.5748,-0.2613,1
22,0,710.53,477.7,3,419.22,6,529.79,1.4874,0.59,0.3277,1
22,1,2561.51,2015.56,5,1560.89,5,531.8,1.2709,0.6094,0.2131,1
19,0,786.11,978.43,5,642.51,7,-168.06,0.8034,0.8173,-0.2446,1
26,0,646.7,686.13,5,260.6,3,68.25,0.9425,0.403,-0.061,1
23,0,737.05,539.99,6,414.27,1,140.91,1.3649,0.5621,0.2674,0
26,0,520.65,528.18,6,1529.67,9,114.07,0.9857,2.938,-0.0145,1
19,1,401.93,291.91,3,672.0,3,-353.44,1.3769,1.6719,0.2737,1
21,1,1654.11,2004.96,6,867.89,4,-273.09,0.825,0.5247,-0.2121,1
21,0,959.84,609.38,3,156.88,2,287.72,1.5751,0.1634,0.3651,1
25,0,459.23,445.84,4,995.21,5,-8.86,1.03,2.1671,0.0292,1
23,2,772.41,497.77,6,2016.97,3,168.71,1.5517,2.6113,0.3556,1
21,0,334.84,363.81,0,0.0,5,115.21,0.9204,0.0,-0.0865,1
23,1,3052.4,3830.94,6,1846.6,4,-804.43,0.7968,0.605,-0.2551,1
22,2,466.67,551.49,5,1360.45,6,-47.14,0.8462,2.9152,-0.1818,1
23,0,615.61,529.55,6,1306.65,8,55.46,1.1625,2.1225,0.1398,1
21,2,1219.21,933.71,5,334.6,6,312.56,1.3058,0.2744,0.2342,1
18,0,378.88,259.43,1,373.25,6,318.47,1.4604,0.9851,0.3153,1
26,1,1279.37,1550.0,2,434.21,6,-213.68,0.8254,0.3394,-0.2115,1
25,0,544.74,357.77,0,0.0,3,274.55,1.5226,0.0,0.3432,0
22,0,7507.8,7809.47,4,1406.07,2,-193.55,0.9614,0.1873,-0.0402,0
22,0,979.67,839.66,3,1037.86,6,38.56,1.1667,1.0594,0.1429,1
18,0,628.54,815.24,3,913.62,6,-214.38,0.771,1.4536,-0.297,1
22,0,939.18,898.02,5,1701.38,6,-0.42,1.0458,1.8116,0.0438,1
21,0,622.63,612.76,5,467.57,5,92.85,1.0161,0.751,0.0159,1
22,0,2751.88,3419.27,0,0.0,6,-623.71,0.8048,0.0,-0.2425,1
23,0,460.88,589.35,6,988.87,7,-256.53,0.782,2.1456,-0.2787,1
25,0,584.85,589.85,2,707.25,6,-37.14,0.9915,1.2093,-0.0085,1
18,3,527.43,610.41,5,897.91,2,-291.24,0.8641,1.7024,-0.1573,1
25,2,2438.63,2546.75,4,276.03,5,-104.33,0.9575,0.1132,-0.0443,0
21,0,774.37,696.3,3,585.1,3,60.23,1.1121,0.7556,0.1008,0
18,0,704.24,450.8,1,314.87,0,531.19,1.5622,0.4471,0.3599,0
21,1,3570.27,3935.94,1,225.33,1,-172.76,0.9071,0.0631,-0.1024,0
22,1,2176.63,2372.93,5,1586.36,6,-334.96,0.9173,0.7288,-0.0902,1
24,0,727.92,496.22,2,124.69,5,223.37,1.4669,0.1713,0.3183,1
24,1,387.1,294.6,1,112.01,2,127.5,1.314,0.2894,0.239,0
23,0,413.61,460.14,0,0.0,1,-70.77,0.8989,0.0,-0.1125,0
25,0,511.88,360.77,5,924.3,4,89.23,1.4189,1.8057,0.2952,1
22,1,1144.51,1240.25,2,576.12,2,-123.53,0.9228,0.5034,-0.0837,0
21,1,2416.7,2664.61,2,773.79,3,22.95,0.907,0.3202,-0.1026,0
23,1,4699.02,3981.67,2,561.9,5,644.83,1.1802,0.1196,0.1527,1
25,0,411.96,321.63,4,784.31,4,136.94,1.2809,1.9038,0.2193,1
22,0,930.92,801.64,3,719.48,2,-251.24,1.1613,0.7729,0.1389,0
18,0,997.28,849.12,3,1108.47,1,235.75,1.1745,1.1115,0.1486,1
23,0,640.83,656.8,1,285.55,4,164.0,0.9757,0.4456,-0.0249,1
24,0,2402.17,2692.1,2,662.23,1,-455.17,0.8923,0.2757,-0.1207,0
26,0,2840.8,3418.13,6,933.19,1,-692.62,0.8311,0.3285,-0.2032,0
24,0,325.3,202.01,3,931.54,9,179.33,1.6103,2.8636,0.379,1
25,1,598.49,663.48,6,592.81,1,-45.75,0.902,0.9905,-0.1086,1
24,0,369.78,303.19,5,1562.11,10,142.63,1.2196,4.2244,0.1801,1
21,0,580.25,688.79,4,1434.18,3,-136.21,0.8424,2.4717,-0.1871,1
23,1,2728.47,1781.7,3,1095.24,6,1063.03,1.5314,0.4014,0.347,1
25,0,826.79,815.07,5,454.03,4,-91.69,1.0144,0.5491,0.0142,0
23,1,1795.35,1766.75,0,0.0,5,423.9,1.0162,0.0,0.0159,1
22,0,821.49,680.65,3,265.43,4,318.89,1.2069,0.3231,0.1714,0
18,0,725.07,927.52,4,869.76,3,-66.49,0.7817,1.1996,-0.2792,1
24,2,827.2,558.23,0,0.0,6,57.41,1.4818,0.0,0.3252,0
22,0,760.71,529.06,1,219.49,5,313.62,1.4379,0.2885,0.3045,1
24,0,624.38,656.21,0,0.0,0,61.59,0.9515,0.0,-0.051,1
21,1,504.49,484.32,3,868.01,6,-300.31,1.0416,1.7206,0.04,1
19,0,663.6,521.01,3,843.92,4,-93.56,1.2737,1.2717,0.2149,1
25,1,2184.14,1775.68,3,762.04,2,375.22,1.23,0.3489,0.187,0
21,2,3749.44,2661.79,0,0.0,3,1115.21,1.4086,0.0,0.2901,0
22,3,2221.36,2682.15,3,891.03,6,-581.36,0.8282,0.4011,-0.2074,1
22,0,695.21,694.28,6,1146.38,2,162.63,1.0013,1.649,0.0013,1
26,0,1349.58,1041.04,0,0.0,6,169.57,1.2964,0.0,0.2286,1
21,1,3019.9,2643.6,5,1190.55,4,325.41,1.1423,0.3942,0.1246,1
21,0,648.82,801.08,1,303.21,0,-205.28,0.8099,0.4673,-0.2347,0
25,0,413.61,504.93,0,0.0,2,-20.57,0.8191,0.0,-0.2208,1
24,0,972.7,630.67,0,0.0,5,49.79,1.5423,0.0,0.3516,1
21,0,612.41,647.85,0,0.0,4,-107.35,0.9453,0.0,-0.0579,0
21,0,3518.69,2487.99,2,704.62,0,685.65,1.4143,0.2003,0.2929,0
18,0,320.41,239.54,3,799.36,4,17.54,1.3376,2.4948,0.2524,1
23,0,889.43,1071.71,4,1301.25,8,-76.17,0.8299,1.463,-0.2049,1
19,0,737.46,904.59,0,0.0,1,-54.81,0.8152,0.0,-0.2266,0
23,2,591.07,388.86,4,996.96,6,40.16,1.52,1.6867,0.3421,1
18,0,471.63,571.5,5,677.32,8,-12.39,0.8252,1.4361,-0.2118,1
22,0,820.85,911.1,0,0.0,1,-125.5,0.9009,0.0,-0.1099,0
21,0,960.89,1098.29,4,1480.43,2,60.1,0.8749,1.5407,-0.143,1
23,0,566.19,653.54,0,0.0,5,-102.51,0.8663,0.0,-0.1543,1
22,3,394.28,376.56,3,177.55,6,-432.14,1.0471,0.4503,0.0449,1
26,2,1160.27,1465.23,4,1483.99,4,-121.63,0.7919,1.279,-0.2628,1
23,0,304.45,225.37,6,1882.72,10,-8.75,1.3509,6.184,0.2597,1
22,0,820.02,781.87,3,571.92,1,-1.88,1.0488,0.6974,0.0465,0
18,0,986.0,811.46,3,1186.87,7,226.93,1.2151,1.2037,0.177,1
18,0,993.98,1168.62,5,1512.94,7,-399.55,0.8506,1.5221,-0.1757,1
25,0,848.15,557.99,1,338.9,6,221.67,1.52,0.3996,0.3421,1
23,0,413.37,373.51,1,380.11,6,123.46,1.1067,0.9195,0.0964,1
21,0,983.42,1122.51,3,191.56,3,-96.52,0.8761,0.1948,-0.1414,0
21,0,529.14,433.17,0,0.0,3,3.23,1.2216,0.0,0.1814,0
23,0,533.2,409.68,0,0.0,2,278.82,1.3015,0.0,0.2317,0
26,0,780.45,611.7,2,708.35,6,-1.9,1.2759,0.9076,0.2162,0
22,0,334.29,367.56,1,357.61,1,-121.29,0.9095,1.0698,-0.0995,1
26,0,877.21,702.42,4,1360.07,2,112.75,1.2488,1.5504,0.1993,0
18,0,997.11,879.33,3,968.16,7,128.25,1.1339,0.971,0.1181,1
22,0,841.77,826.59,3,984.0,3,-37.8,1.0184,1.169,0.018,1
21,0,846.39,1065.21,3,461.38,0,-29.42,0.7946,0.5451,-0.2585,0
18,0,4468.73,5166.05,0,0.0,4,-537.71,0.865,0.0,-0.156,0
22,1,1124.39,820.46,2,180.54,2,230.67,1.3704,0.1606,0.2703,0
22,2,854.07,1040.39,0,0.0,1,-99.77,0.8209,0.0,-0.2182,0
26,0,717.41,854.68,2,552.2,4,-22.68,0.8394,0.7697,-0.1913,1
21,0,935.63,1049.46,4,1057.8,4,-86.3,0.8915,1.1306,-0.1217,1
25,1,2480.06,2385.41,6,816.76,4,-189.73,1.0397,0.3293,0.0382,1
26,1,3413.3,2214.79,2,530.53,6,1375.2,1.5411,0.1554,0.3511,1
23,0,552.1,606.24,1,209.09,6,-41.03,0.9107,0.3787,-0.0981,1
24,0,777.61,748.71,4,1593.38,8,131.15,1.0386,2.0491,0.0372,1
19,0,850.63,694.83,6,2112.44,6,93.23,1.2242,2.4834,0.1832,1
18,0,971.75,589.81,2,468.19,3,87.45,1.6476,0.4818,0.393,1
26,0,506.49,385.81,5,1664.8,4,-210.17,1.3128,3.2869,0.2383,1
26,0,645.05,660.52,2,215.15,4,-154.34,0.9766,0.3335,-0.024,1
23,0,320.24,217.32,4,341.96,5,181.87,1.4736,1.0678,0.3214,1
21,0,476.84,504.87,1,270.73,6,170.41,0.9445,0.5678,-0.0588,1
23,0,561.43,658.99,1,304.38,0,-29.06,0.852,0.5422,-0.1738,0
26,1,7889.06,6490.53,6,411.42,6,1234.75,1.2155,0.0522,0.1773,1
23,0,629.12,413.58,2,240.67,3,104.77,1.5212,0.3826,0.3426,1
22,0,554.77,387.11,0,0.0,0,379.4,1.4331,0.0,0.3022,0
21,0,736.23,626.19,5,359.93,6,-79.01,1.1757,0.4889,0.1495,1
21,1,2057.39,2405.92,0,0.0,3,-32.55,0.8551,0.0,-0.1694,0
23,0,468.94,489.57,0,0.0,2,262.61,0.9579,0.0,-0.044,0
24,0,539.67,651.66,5,1863.17,6,199.77,0.8281,3.4524,-0.2075,1
21,0,792.74,1027.47,2,320.97,0,-126.88,0.7715,0.4049,-0.2961,0
22,1,1400.57,1038.94,0,0.0,0,213.1,1.3481,0.0,0.2582,0
21,1,1948.42,2116.71,6,315.77,1,-93.41,0.9205,0.1621,-0.0864,0
21,1,446.32,413.54,1,92.56,2,166.87,1.0793,0.2074,0.0734,0
25,0,676.95,640.01,4,1251.21,5,-61.71,1.0577,1.8483,0.0546,1
18,0,1707.7,1413.82,1,205.72,4,136.39,1.2079,0.1205,0.1721,0
19,0,573.97,482.0,4,478.22,7,22.77,1.1908,0.8332,0.1602,1
23,0,600.49,644.56,4,1506.24,8,-160.83,0.9316,2.5084,-0.0734,1
21,1,3722.03,3850.67,5,1628.19,3,65.2,0.9666,0.4374,-0.0346,1
26,0,379.02,311.92,2,180.06,6,-19.92,1.2151,0.4751,0.177,1
21,0,793.22,541.77,4,576.54,4,225.35,1.4641,0.7268,0.317,1
23,2,894.28,898.54,5,1736.52,4,143.42,0.9953,1.9418,-0.0048,1
24,0,405.4,453.07,5,1461.76,6,143.99,0.8948,3.6057,-0.1176,1
21,0,799.4,792.23,5,1904.7,5,37.78,1.0091,2.3827,0.009,1
23,0,628.35,378.62,2,153.37,0,248.03,1.6596,0.2441,0.3974,0
21,1,2367.05,1888.01,3,964.18,1,192.32,1.2537,0.4073,0.2024,1
18,2,3853.64,4412.44,6,460.46,6,-262.6,0.8734,0.1195,-0.145,1
19,0,909.87,1018.86,1,167.83,1,91.66,0.893,0.1845,-0.1198,0
19,3,345.01,209.52,4,1250.94,8,-151.05,1.6467,3.6258,0.3927,1
23,1,4244.91,3944.4,5,1494.27,0,543.38,1.0762,0.352,0.0708,0
19,1,944.15,855.52,3,152.22,4,-17.78,1.1036,0.1612,0.0939,0
23,1,734.32,775.88,6,724.08,7,59.45,0.9464,0.9861,-0.0566,1
22,0,720.01,495.0,2,645.0,4,181.41,1.4546,0.8958,0.3125,1
21,1,4895.0,5066.28,5,470.76,0,-181.1,0.9662,0.0962,-0.035,0
21,0,898.37,1134.5,4,656.93,1,-270.05,0.7919,0.7312,-0.2628,0
23,1,4952.82,4260.54,0,0.0,5,530.19,1.1625,0.0,0.1398,1
24,0,519.14,434.08,5,445.05,1,163.48,1.196,0.8573,0.1638,1
26,1,4128.02,2558.51,4,1371.28,2,1660.6,1.6134,0.3322,0.3802,1
18,3,963.87,617.05,1,71.47,5,177.35,1.5621,0.0741,0.3598,0
21,0,993.34,1243.76,4,950.47,4,-395.1,0.7987,0.9568,-0.2521,1
22,3,633.01,812.06,3,877.3,8,-342.07,0.7795,1.3859,-0.2829,1
21,0,424.02,256.09,6,420.94,7,39.81,1.6557,0.9927,0.396,0
22,0,2724.76,3352.75,2,543.4,4,-525.49,0.8127,0.1994,-0.2305,0
23,0,1569.86,1133.08,1,166.92,6,274.43,1.3855,0.1063,0.2782,1
19,1,4806.96,4773.08,0,0.0,0,172.02,1.0071,0.0,0.007,0
21,0,691.82,743.5,5,1645.9,4,-58.51,0.9305,2.3791,-0.0747,1
21,0,582.75,496.12,6,1967.2,6,49.68,1.1746,3.3757,0.1487,1
18,0,355.59,345.03,4,758.13,9,10.19,1.0306,2.132,0.0297,1
25,0,583.26,606.17,2,675.78,5,186.02,0.9622,1.1586,-0.0393,1
19,0,905.47,666.2,6,1622.96,3,48.12,1.3592,1.7924,0.2642,1
24,1,4309.23,5584.67,1,182.54,1,-995.53,0.7716,0.0424,-0.296,0
18,1,357.64,265.63,4,312.94,6,210.69,1.3464,0.875,0.2573,0
24,1,1978.83,1201.62,4,293.55,6,803.76,1.6468,0.1483,0.3928,0
26,0,3513.32,4430.29,5,689.95,0,-704.04,0.793,0.1964,-0.261,0
26,3,370.86,333.92,6,929.13,5,-18.42,1.1106,2.5053,0.0996,1
25,0,952.89,837.62,2,749.27,4,152.57,1.1376,0.7863,0.121,1
24,0,2468.94,1957.8,0,0.0,1,304.5,1.2611,0.0,0.207,0
21,0,366.28,226.39,1,100.29,5,282.49,1.6179,0.2738,0.3819,1
26,0,850.85,668.09,5,1899.84,8,87.86,1.2736,2.2329,0.2148,1
21,0,557.52,488.0,2,594.58,6,55.47,1.1425,1.0665,0.1247,1
21,1,4931.67,4755.27,0,0.0,5,292.53,1.0371,0.0,0.0358,0
22,0,698.42,642.79,5,1920.7,9,205.92,1.0865,2.7501,0.0797,1
24,0,309.35,375.96,4,1199.17,7,-192.65,0.8228,3.8764,-0.2153,1
22,1,2154.96,2667.69,0,0.0,2,-404.61,0.8078,0.0,-0.2379,0
23,3,889.82,731.44,4,493.34,2,-30.83,1.2165,0.5544,0.178,0
21,0,948.71,1206.46,4,542.22,5,-597.07,0.7864,0.5715,-0.2717,1
22,0,539.45,650.28,6,2214.15,10,-230.15,0.8296,4.1045,-0.2054,1
21,0,749.06,935.83,6,751.58,3,-31.79,0.8004,1.0034,-0.2493,1
22,0,458.55,501.85,6,367.84,6,-45.88,0.9137,0.8022,-0.0944,1
21,0,691.59,510.94,6,859.08,2,62.44,1.3536,1.2422,0.2612,0
21,0,477.57,351.81,5,1090.97,4,97.88,1.3575,2.2844,0.2633,1
21,1,1352.28,1671.49,4,734.75,0,-246.64,0.809,0.5433,-0.2361,0
23,0,420.03,401.1,3,1132.59,10,110.2,1.0472,2.6965,0.0451,1
21,0,957.92,1171.85,5,982.5,2,-396.45,0.8174,1.0257,-0.2233,0
23,0,919.96,1015.99,6,2167.01,8,-88.72,0.9055,2.3555,-0.1044,1
23,2,5181.58,3879.75,0,0.0,0,1424.85,1.3355,0.0,0.2512,0
22,0,842.89,732.75,0,0.0,0,-105.95,1.1503,0.0,0.1307,0
24,0,366.76,468.53,3,318.21,5,-311.61,0.7828,0.8676,-0.2775,0
25,0,817.51,501.71,2,289.72,0,192.45,1.6294,0.3544,0.3863,0
23,1,497.44,547.29,3,1060.53,4,-35.38,0.9089,2.132,-0.1002,1
21,1,2023.64,2600.67,2,645.97,2,-582.27,0.7781,0.3192,-0.2851,1
23,0,2718.88,1829.54,5,1032.99,4,663.18,1.4861,0.3799,0.3271,1
25,0,628.39,496.68,6,2208.95,5,26.82,1.2652,3.5153,0.2096,1
21,0,670.57,659.11,1,336.71,0,-46.71,1.0174,0.5021,0.0171,0
24,0,2383.67,2838.08,5,446.15,2,-330.84,0.8399,0.1872,-0.1906,0
23,2,1089.37,1039.87,0,0.0,4,230.71,1.0476,0.0,0.0454,0
21,0,335.91,215.56,5,1647.98,7,-218.25,1.5583,4.906,0.3583,1
22,0,720.22,496.25,4,1331.68,3,258.21,1.4513,1.849,0.311,1
21,1,736.08,635.36,4,327.88,1,82.69,1.1585,0.4454,0.1368,0
23,1,3901.71,3221.95,3,385.84,2,677.52,1.211,0.0989,0.1742,0
21,0,564.53,425.53,0,0.0,1,284.86,1.3267,0.0,0.2462,0
24,0,728.38,865.38,5,690.35,5,-232.76,0.8417,0.9478,-0.1881,1
19,0,759.02,469.69,0,0.0,0,397.49,1.616,0.0,0.3812,0
21,1,3759.92,4438.74,3,810.24,6,-837.26,0.8471,0.2155,-0.1805,1
19,1,1489.52,1854.71,1,227.62,1,-373.39,0.8031,0.1528,-0.2452,0
21,1,1956.3,2036.66,5,521.23,6,-117.22,0.9605,0.2664,-0.0411,0
19,1,704.41,731.0,4,1020.93,7,-15.74,0.9636,1.4493,-0.0377,1
25,0,1435.72,1011.2,3,215.12,2,313.46,1.4198,0.1498,0.2957,0
21,0,337.62,336.88,2,368.13,3,66.28,1.0022,1.0904,0.0022,1
26,0,302.95,261.33,5,1636.91,10,267.54,1.1593,5.4032,0.1374,1
24,1,3123.43,2374.85,1,361.52,6,413.14,1.3152,0.1157,0.2397,1
23,0,439.96,443.63,5,679.16,6,25.56,0.9917,1.5437,-0.0083,1
24,0,740.55,444.95,6,2104.97,4,345.17,1.6643,2.8424,0.3992,0
26,0,703.36,558.11,1,362.12,6,85.37,1.2603,0.5148,0.2065,1
24,1,2471.73,2618.13,4,1049.64,3,81.63,0.9441,0.4247,-0.0592,1
23,1,1115.38,1024.51,2,787.52,1,34.52,1.0887,0.7061,0.0815,0
22,1,788.18,553.26,6,816.97,6,191.42,1.4246,1.0365,0.2981,1
18,0,315.9,189.83,6,444.85,2,-50.03,1.6641,1.4082,0.3991,0
22,2,842.91,665.32,2,690.41,3,212.26,1.2669,0.8191,0.2107,1
21,1,654.39,644.14,1,221.83,0,9.74,1.0159,0.339,0.0157,0
21,1,7682.6,7484.25,0,0.0,3,240.03,1.0265,0.0,0.0258,0
23,1,1294.01,895.13,4,277.33,5,196.69,1.4456,0.2143,0.3083,0
23,2,1925.13,1982.09,6,435.71,0,-157.56,0.9713,0.2263,-0.0296,0
22,2,517.1,671.84,1,81.75,0,-69.57,0.7697,0.1581,-0.2992,0
26,0,987.14,996.43,5,571.37,6,200.76,0.9907,0.5788,-0.0094,0
25,0,753.45,730.35,5,1948.2,4,118.37,1.0316,2.5857,0.0307,1
21,0,723.44,749.37,3,445.47,0,251.89,0.9654,0.6158,-0.0358,0
22,1,3183.28,3870.14,1,335.97,4,-634.28,0.8225,0.1055,-0.2158,1
24,1,2649.9,3344.7,4,227.18,1,-614.87,0.7923,0.0857,-0.2622,0
19,0,612.43,385.05,4,650.54,7,322.4,1.5905,1.0622,0.3713,1
18,0,2764.46,2055.36,5,1835.84,1,757.8,1.345,0.6641,0.2565,1
19,2,4939.03,3363.65,3,344.29,3,1592.66,1.4684,0.0697,0.319,0
23,2,833.36,950.57,0,0.0,6,-265.08,0.8767,0.0,-0.1406,1
22,3,483.53,305.54,1,339.28,6,283.18,1.5825,0.7017,0.3681,1
25,0,790.81,974.15,2,184.97,0,-117.22,0.8118,0.2339,-0.2318,0
21,1,3602.38,2213.26,3,205.84,1,1288.02,1.6276,0.0571,0.3856,0
21,1,4347.08,4441.77,2,776.18,0,-347.09,0.9787,0.1786,-0.0218,0
26,0,2625.27,2081.59,6,1150.06,6,270.82,1.2612,0.4381,0.2071,0
26,0,921.07,856.04,1,280.25,1,1.12,1.076,0.3043,0.0706,0
21,3,358.84,326.3,4,377.96,1,-185.17,1.0997,1.0533,0.0907,1
23,0,787.34,885.15,2,254.12,2,-134.64,0.8895,0.3228,-0.1242,0
23,0,977.11,925.96,6,1265.96,2,157.91,1.0552,1.2956,0.0523,0
21,1,1126.26,1007.84,6,1717.82,3,24.82,1.1175,1.5252,0.1051,1
23,1,451.9,502.15,5,763.18,5,-30.4,0.8999,1.6888,-0.1112,1
24,0,998.13,1245.73,5,1798.11,8,-413.8,0.8012,1.8015,-0.2481,1
21,1,5109.42,5905.19,4,1293.6,1,-807.48,0.8652,0.2532,-0.1557,1
22,0,534.55,596.4,4,972.18,8,14.11,0.8963,1.8187,-0.1157,1
21,1,1575.38,1483.07,3,632.17,4,-113.8,1.0622,0.4013,0.0586,0
21,0,624.69,768.46,0,0.0,2,-238.51,0.8129,0.0,-0.2301,0
24,1,1385.55,1303.0,6,1836.49,5,-102.12,1.0634,1.3255,0.0596,1
25,1,3442.79,4307.62,6,583.4,2,-832.11,0.7992,0.1695,-0.2512,0
21,0,948.66,1102.39,3,1045.27,2,-129.89,0.8605,1.1018,-0.162,1
21,0,634.35,447.33,6,1327.75,4,185.94,1.4181,2.0931,0.2948,1
25,1,3862.5,2444.56,2,754.74,0,1387.43,1.58,0.1954,0.3671,0
22,0,919.79,1028.88,0,0.0,4,-50.29,0.894,0.0,-0.1186,0
26,0,871.61,941.41,5,303.75,0,-12.86,0.9259,0.3485,-0.0801,0
18,0,467.57,477.61,3,553.71,2,-83.04,0.979,1.1842,-0.0215,1
24,2,309.04,396.61,6,1405.07,6,-179.91,0.7792,4.5466,-0.2834,1
23,0,740.02,726.54,1,238.86,0,2.34,1.0186,0.3228,0.0182,0
19,0,890.55,751.21,3,1013.51,7,110.3,1.1855,1.1381,0.1565,1
21,3,686.44,683.33,4,397.55,0,311.91,1.0046,0.5791,0.0045,0
22,0,447.61,277.47,0,0.0,4,85.55,1.6132,0.0,0.3801,0
19,0,818.21,822.7,6,2279.45,6,40.04,0.9945,2.7859,-0.0055,1
21,0,2359.21,2905.84,4,1595.37,1,-368.62,0.8119,0.6762,-0.2317,1
26,0,694.96,419.08,1,53.53,2,473.84,1.6583,0.077,0.397,1
21,0,903.47,1076.68,5,1951.99,3,-268.55,0.8391,2.1605,-0.1917,1
22,1,7883.15,9155.1,6,556.64,2,-706.29,0.8611,0.0706,-0.1614,0
23,0,766.9,517.1,2,475.87,5,185.7,1.4831,0.6205,0.3257,1
22,1,2572.6,3068.55,4,544.92,4,-44.64,0.8384,0.2118,-0.1928,1
24,0,762.88,865.47,5,1311.18,7,-27.04,0.8815,1.7187,-0.1345,1
24,0,667.09,629.55,1,62.96,4,-153.76,1.0596,0.0944,0.0563,0
19,0,624.28,481.73,3,400.25,6,110.41,1.2959,0.6411,0.2283,0
26,0,796.01,638.14,3,465.6,0,358.07,1.2474,0.5849,0.1983,0
24,1,726.74,747.52,2,740.93,2,-10.29,0.9722,1.0195,-0.0286,0
23,0,2351.37,1816.23,2,508.54,2,390.93,1.2946,0.2163,0.2276,0
25,0,388.54,321.61,4,1191.49,7,163.05,1.2081,3.0666,0.1723,1
18,0,790.65,989.57,5,1433.03,7,-197.12,0.799,1.8125,-0.2516,1
26,1,751.55,834.62,2,374.6,0,-110.14,0.9005,0.4984,-0.1105,0
23,0,539.23,601.38,1,54.91,0,-185.61,0.8967,0.1018,-0.1153,0
22,1,3470.1,4404.1,5,437.29,5,-471.2,0.7879,0.126,-0.2692,1
18,0,472.46,285.39,1,210.58,3,-8.52,1.6555,0.4457,0.3959,1
24,0,972.38,749.84,0,0.0,2,213.13,1.2968,0.0,0.2289,0
18,1,3469.82,3680.03,2,274.13,1,-120.94,0.9429,0.079,-0.0606,1
21,0,692.17,627.65,5,1472.06,7,59.64,1.1028,2.1267,0.0932,1
21,0,580.76,394.31,5,1696.54,9,5.0,1.4729,2.9212,0.321,1
25,3,815.04,934.74,2,734.75,1,-252.42,0.8719,0.9015,-0.1469,1
23,0,668.88,423.37,3,458.16,1,277.62,1.5799,0.685,0.367,1
24,0,982.12,963.16,6,2255.69,8,-99.62,1.0197,2.2968,0.0193,1
22,0,338.53,336.41,5,1313.97,10,-309.26,1.0063,3.8814,0.0063,1
19,0,323.97,338.6,5,1139.71,6,47.56,0.9568,3.5179,-0.0452,1
19,1,697.46,572.57,0,0.0,4,-20.86,1.2181,0.0,0.1791,0
18,0,442.09,272.56,1,133.55,5,228.14,1.622,0.3021,0.3835,1
23,2,1155.29,1412.1,0,0.0,0,-210.75,0.8181,0.0,-0.2223,0
25,1,846.21,1058.14,6,1664.92,3,-243.41,0.7997,1.9675,-0.2504,1
23,3,4945.7,4636.06,2,659.56,0,325.67,1.0668,0.1334,0.0626,0
24,1,607.99,373.58,3,1048.51,7,7.18,1.6275,1.7246,0.3855,1
19,2,1149.15,1156.75,3,798.21,6,-130.85,0.9934,0.6946,-0.0066,1
25,0,2772.27,2276.45,3,188.57,0,503.24,1.2178,0.068,0.1788,0
24,0,646.94,470.8,0,0.0,1,-29.42,1.3741,0.0,0.2723,0
24,0,444.1,318.98,6,2143.84,10,231.23,1.3923,4.8274,0.2817,1
21,1,3696.02,2681.38,2,538.87,6,729.93,1.3784,0.1458,0.2745,1
26,0,617.71,513.68,6,2169.12,10,-105.81,1.2025,3.5116,0.1684,1
19,1,839.58,668.67,5,922.92,2,35.81,1.2556,1.0993,0.2036,0
21,0,688.35,816.04,4,906.62,3,-89.26,0.8435,1.3171,-0.1855,1
19,1,495.32,468.93,4,1407.63,4,-38.13,1.0563,2.8419,0.0533,1
21,0,827.32,744.05,6,1900.27,4,140.6,1.1119,2.2969,0.1007,1
21,2,661.91,464.72,2,364.25,3,240.85,1.4243,0.5503,0.2979,0
21,0,2697.87,3272.85,2,115.84,2,-224.24,0.8243,0.0429,-0.2131,0
25,0,1642.85,1048.76,4,1432.48,5,801.88,1.5665,0.8719,0.3616,1
21,1,3209.81,2464.08,1,325.22,2,421.9,1.3026,0.1013,0.2323,1
22,1,3796.23,3929.21,5,1036.03,3,-155.42,0.9662,0.2729,-0.035,0
23,1,508.86,555.48,0,0.0,4,-77.45,0.9161,0.0,-0.0916,1
21,3,796.9,925.05,6,729.06,2,-51.79,0.8615,0.9149,-0.1608,1
23,0,497.54,441.42,2,388.47,1,-97.14,1.1271,0.7808,0.1128,0
25,1,2576.24,2171.04,0,0.0,2,254.51,1.1866,0.0,0.1573,0
23,0,668.09,535.8,4,494.8,1,-86.36,1.2469,0.7406,0.198,0
19,0,472.93,471.83,1,346.23,2,-89.52,1.0023,0.7321,0.0023,1
21,0,543.17,458.46,2,353.73,2,-7.76,1.1848,0.6512,0.156,0
19,0,958.58,795.3,3,1005.46,3,93.26,1.2053,1.0489,0.1703,0
26,0,475.17,290.72,4,863.46,3,-45.46,1.6345,1.8172,0.3882,1
23,1,1734.85,2192.54,0,0.0,0,-199.66,0.7913,0.0,-0.2638,1
23,0,766.49,492.41,0,0.0,1,266.82,1.5566,0.0,0.3576,0
19,2,5629.65,4445.23,3,316.19,6,623.42,1.2664,0.0562,0.2104,1
21,0,396.12,493.17,2,585.5,7,-70.97,0.8032,1.4781,-0.245,1
26,0,442.99,493.82,4,1475.95,7,-285.49,0.8971,3.3318,-0.1147,1
22,1,4591.4,4612.97,5,1585.38,0,186.11,0.9953,0.3453,-0.0047,0
25,0,710.17,754.61,4,1289.81,4,205.6,0.9411,1.8162,-0.0626,1
22,0,980.39,654.84,0,0.0,6,293.07,1.4971,0.0,0.3321,0
21,1,1985.5,2315.2,6,1931.0,6,-456.77,0.8576,0.9726,-0.1661,1
22,0,317.65,246.2,5,1245.0,10,-30.25,1.2902,3.9194,0.2249,1
26,0,491.33,623.67,0,0.0,1,-213.02,0.7878,0.0,-0.2694,0
21,1,3531.07,2690.54,5,977.92,2,665.02,1.3124,0.2769,0.238,0
21,0,2746.64,2850.34,6,448.65,0,132.97,0.9636,0.1633,-0.0378,0
22,1,464.69,456.2,3,890.86,8,149.41,1.0186,1.9171,0.0183,1
22,1,440.72,308.58,5,1512.91,5,243.3,1.4282,3.4328,0.2998,1
26,0,733.99,626.86,6,769.82,5,142.37,1.1709,1.0488,0.146,1
22,0,688.77,789.95,6,2303.28,6,-266.94,0.8719,3.344,-0.1469,1
21,0,457.87,342.86,6,410.27,4,1.77,1.3354,0.896,0.2512,1
21,1,768.59,979.18,1,307.59,5,-221.28,0.7849,0.4002,-0.274,1
21,0,367.81,296.76,0,0.0,2,-106.44,1.2394,0.0,0.1932,1
18,2,313.54,325.68,4,632.81,3,35.12,0.9627,2.0183,-0.0387,1
23,0,357.61,369.49,4,1477.45,10,108.29,0.9678,4.1315,-0.0332,1
21,1,1108.73,1030.61,3,1017.76,4,150.04,1.0758,0.918,0.0705,1
21,0,981.54,1039.21,1,310.44,0,32.78,0.9445,0.3163,-0.0588,0
21,0,682.53,764.78,6,2302.96,5,-355.55,0.8925,3.3742,-0.1205,1
22,0,827.55,855.11,2,557.84,4,170.62,0.9678,0.6741,-0.0333,0
23,0,524.73,520.53,5,1116.04,7,-230.85,1.0081,2.1269,0.008,1
21,3,802.82,822.6,4,1145.95,2,-39.94,0.976,1.4274,-0.0246,1
22,0,975.36,859.65,6,1164.83,5,213.35,1.1346,1.1943,0.1186,1
23,0,2247.88,1460.25,4,654.84,3,751.37,1.5394,0.2913,0.3504,0
23,0,998.34,710.61,4,315.14,0,88.52,1.4049,0.3157,0.2882,0
22,0,746.25,764.68,5,911.52,5,-180.11,0.9759,1.2215,-0.0247,1
18,2,823.27,1028.28,0,0.0,4,-116.41,0.8006,0.0,-0.249,0
23,2,4744.26,2932.04,4,1523.61,1,1572.41,1.6181,0.3211,0.382,1
23,2,749.52,735.15,4,1565.21,7,-150.99,1.0195,2.0883,0.0192,1
21,0,657.19,510.27,5,611.42,2,219.9,1.2879,0.9304,0.2236,0
21,0,968.53,961.96,1,250.0,4,-222.0,1.0068,0.2581,0.0068,0
21,1,932.37,1048.69,4,1006.05,6,4.54,0.8891,1.079,-0.1248,1
23,0,1208.97,1347.78,1,111.62,6,-233.69,0.897,0.0923,-0.1148,1
22,1,5178.29,5734.54,0,0.0,1,-545.02,0.903,0.0,-0.1074,0
21,0,918.48,1051.89,4,707.87,3,-134.67,0.8732,0.7707,-0.1453,1
22,0,712.68,463.83,0,0.0,0,403.65,1.5365,0.0,0.3492,0
24,1,4238.48,4054.97,0,0.0,6,168.09,1.0453,0.0,0.0433,0
23,0,412.39,323.0,3,1026.71,5,-24.39,1.2767,2.4897,0.2168,1
22,3,353.74,440.37,6,2183.4,10,-38.4,0.8033,6.1723,-0.2449,1
23,0,375.49,431.07,5,1537.78,10,269.63,0.8711,4.0954,-0.148,1
21,0,982.89,663.73,0,0.0,3,362.42,1.4809,0.0,0.3247,1
22,0,448.3,345.31,0,0.0,4,71.76,1.2983,0.0,0.2297,0
21,0,782.91,719.22,3,1169.67,5,-74.32,1.0886,1.494,0.0814,1
25,0,744.93,949.07,3,229.62,4,-240.58,0.7849,0.3082,-0.274,1
24,0,741.17,501.6,0,0.0,1,274.47,1.4776,0.0,0.3232,0
22,1,2225.67,2220.29,1,392.5,5,-127.55,1.0024,0.1764,0.0024,1
22,1,2770.48,2324.16,0,0.0,0,359.92,1.192,0.0,0.1611,0
24,0,737.25,775.91,3,933.7,5,182.64,0.9502,1.2665,-0.0524,1
23,0,1973.96,2080.74,4,424.29,6,-75.14,0.9487,0.2149,-0.0541,1
25,0,430.13,330.52,2,442.26,6,-79.39,1.3014,1.0282,0.2316,1
23,1,2718.91,3126.93,4,1377.07,5,-37.08,0.8695,0.5065,-0.1501,1
19,0,351.2,233.16,1,165.1,4,387.84,1.5063,0.4701,0.3361,1
18,0,713.25,836.43,5,587.34,7,-23.08,0.8527,0.8235,-0.1727,1
24,0,604.95,452.73,0,0.0,6,346.1,1.3362,0.0,0.2516,1
18,0,474.95,480.98,3,803.67,3,-44.9,0.9875,1.6921,-0.0127,1
21,0,864.36,728.76,2,305.67,4,213.73,1.1861,0.3536,0.1569,0
23,0,422.95,434.3,3,1056.86,6,-71.81,0.9739,2.4988,-0.0268,1
21,3,952.15,749.53,3,447.69,1,-6.03,1.2703,0.4702,0.2128,0
21,0,918.31,916.73,4,412.21,5,390.15,1.0017,0.4489,0.0017,1
22,0,552.05,334.4,6,2316.94,6,8.45,1.6509,4.197,0.3943,1
19,0,513.3,442.53,3,1163.02,3,97.93,1.1599,2.2658,0.1379,1
24,0,396.1,466.79,1,289.76,1,-23.66,0.8486,0.7315,-0.1785,0
25,0,940.51,869.13,3,1124.8,2,127.74,1.0821,1.1959,0.0759,1
21,0,738.64,701.33,3,319.93,3,16.15,1.0532,0.4331,0.0505,1
21,0,322.22,333.53,6,1266.72,10,-22.56,0.9661,3.9312,-0.0351,1
23,1,657.19,594.06,3,364.37,6,66.37,1.1063,0.5544,0.0961,1
19,0,359.97,434.47,6,1305.44,10,8.59,0.8285,3.6265,-0.207,1
21,2,701.05,618.56,4,1307.65,7,76.0,1.1334,1.8653,0.1177,1
25,0,655.76,826.12,4,1382.9,6,-179.09,0.7938,2.1089,-0.2598,1
26,0,357.91,434.45,2,102.92,5,-273.35,0.8238,0.2876,-0.2139,1
26,3,870.29,778.7,1,186.33,1,371.59,1.1176,0.2141,0.1052,0
22,1,483.36,413.79,0,0.0,4,131.15,1.1681,0.0,0.1439,0
21,0,678.5,728.46,3,768.78,1,-11.16,0.9314,1.1331,-0.0736,1
21,1,746.69,842.8,6,922.01,7,-170.2,0.886,1.2348,-0.1287,1
22,0,972.65,710.13,0,0.0,6,65.32,1.3697,0.0,0.2699,1
21,0,645.17,495.96,6,977.38,7,253.89,1.3009,1.5149,0.2313,1
18,1,1211.92,851.22,6,1239.96,2,285.82,1.4237,1.0231,0.2976,1
23,1,5319.93,6024.74,3,616.71,1,-546.41,0.883,0.1159,-0.1325,0
22,0,899.35,989.36,2,454.8,5,-266.16,0.909,0.5057,-0.1001,1
23,0,464.84,340.42,4,850.31,5,333.95,1.3655,1.8293,0.2677,1
21,0,794.53,775.31,5,1153.2,5,150.69,1.0248,1.4514,0.0242,1
26,0,361.94,410.79,0,0.0,2,-50.97,0.8811,0.0,-0.135,0
25,3,989.25,1249.34,3,207.15,5,-193.96,0.7918,0.2094,-0.2629,0
23,0,966.8,700.9,0,0.0,1,324.01,1.3794,0.0,0.275,0
25,0,609.11,495.23,4,1438.92,6,-113.95,1.23,2.3623,0.187,1
25,0,2693.14,2272.57,0,0.0,1,689.37,1.1851,0.0,0.1562,0
21,0,717.84,744.75,2,177.11,4,49.53,0.9639,0.2467,-0.0375,0
22,0,492.25,342.36,5,1115.95,4,10.34,1.4378,2.267,0.3045,1
23,3,771.46,567.33,5,1308.03,4,39.74,1.3598,1.6955,0.2646,1
19,1,788.29,903.62,1,218.42,1,37.02,0.8724,0.2771,-0.1463,0
24,1,667.03,653.31,3,882.44,7,46.47,1.021,1.3229,0.0206,1
23,0,403.27,287.24,1,399.04,2,194.35,1.4039,0.9895,0.2877,0
22,0,1267.98,1105.56,4,335.06,6,162.8,1.1469,0.2642,0.1281,0
23,0,380.42,264.07,0,0.0,6,-61.47,1.4406,0.0,0.3058,1
21,0,739.79,631.69,5,1146.65,8,172.86,1.1711,1.55,0.1461,1
25,0,372.06,327.46,0,0.0,2,3.71,1.1362,0.0,0.1199,0
19,1,4853.7,3293.13,4,433.75,4,1432.1,1.4739,0.0894,0.3215,0
22,2,3236.76,2077.62,2,546.85,5,1593.02,1.5579,0.1689,0.3581,0
21,0,553.99,674.27,1,65.52,0,45.98,0.8216,0.1183,-0.2171,0
21,0,747.07,912.44,3,928.18,1,-34.69,0.8188,1.2424,-0.2214,1
23,1,4704.39,2831.13,0,0.0,1,2123.47,1.6617,0.0,0.3982,0
21,0,2185.8,2292.56,4,662.59,6,-23.5,0.9534,0.3031,-0.0488,1
18,2,3044.9,2026.61,4,1584.59,0,1079.37,1.5025,0.5204,0.3344,0
22,0,397.98,464.48,3,1020.22,8,-162.71,0.8568,2.5635,-0.1671,1
26,0,340.08,413.43,2,477.67,7,-132.38,0.8226,1.4046,-0.2157,1
21,0,737.13,760.45,3,1190.04,8,-328.05,0.9693,1.6144,-0.0316,0
21,2,756.6,778.7,6,2043.19,7,101.79,0.9716,2.7005,-0.0292,1
21,0,1864.07,1603.17,5,491.46,3,4.36,1.1627,0.2636,0.14,1
26,1,471.79,365.46,0,0.0,5,237.98,1.2909,0.0,0.2254,1
19,0,866.72,822.94,2,506.6,4,39.61,1.0532,0.5845,0.0505,0
21,0,1884.29,1306.95,0,0.0,5,583.72,1.4417,0.0,0.3064,1
21,2,5008.58,5361.97,1,379.26,2,-372.58,0.9341,0.0757,-0.0706,0
23,0,384.17,356.92,5,1111.06,10,236.19,1.0763,2.8921,0.0709,1
24,0,2985.68,2162.59,5,385.42,3,768.13,1.3806,0.1291,0.2757,0
21,0,591.99,598.99,3,653.3,2,-11.39,0.9883,1.1036,-0.0118,0
26,1,2803.11,3242.44,4,1302.91,5,-578.06,0.8645,0.4648,-0.1567,1
26,0,336.48,340.57,2,351.03,5,135.15,0.988,1.0432,-0.0122,1
22,0,4657.39,4521.22,3,178.46,0,-28.54,1.0301,0.0383,0.0292,1
25,3,401.27,478.88,5,780.68,3,-310.7,0.8379,1.9455,-0.1934,1
21,1,776.98,472.04,1,288.75,0,408.55,1.646,0.3716,0.3925,0
26,1,383.85,396.03,2,160.21,4,169.43,0.9692,0.4174,-0.0317,1
22,1,2110.49,1871.55,0,0.0,6,151.78,1.1277,0.0,0.1132,1
22,1,798.47,587.27,1,96.6,2,275.22,1.3596,0.121,0.2645,0
22,0,344.41,442.81,0,0.0,0,-149.58,0.7778,0.0,-0.2857,0
18,0,456.95,403.34,5,497.65,6,164.4,1.1329,1.0891,0.1173,1
23,1,4278.02,3570.79,5,440.81,5,843.12,1.1981,0.103,0.1653,1
24,1,2730.54,1961.36,2,588.46,3,787.17,1.3922,0.2155,0.2817,0
22,3,897.03,1164.74,4,421.2,1,-448.33,0.7702,0.4695,-0.2984,1
22,0,527.94,633.12,1,104.18,4,-306.07,0.8339,0.1973,-0.1992,0
22,0,5860.44,3803.31,0,0.0,2,2384.68,1.5409,0.0,0.351,1
21,0,840.57,837.23,3,195.77,1,-167.22,1.004,0.2329,0.004,1
18,0,395.75,278.28,1,61.55,2,149.22,1.4221,0.1555,0.2968,0
25,0,806.35,887.83,5,1005.03,1,59.47,0.9082,1.2464,-0.101,1
23,1,4314.33,4050.54,1,177.78,3,181.61,1.0651,0.0412,0.0611,0
22,0,938.36,635.53,5,1203.08,6,213.99,1.4765,1.2821,0.3227,1
23,0,745.48,737.97,1,397.72,5,155.81,1.0102,0.5335,0.0101,1
19,0,644.82,797.95,0,0.0,5,-262.24,0.8081,0.0,-0.2375,1
22,1,3933.52,3299.58,3,754.86,6,315.14,1.1921,0.1919,0.1612,0
23,2,426.77,271.24,1,371.74,7,99.62,1.5734,0.8711,0.3644,1
22,0,541.8,683.56,2,438.23,2,47.13,0.7926,0.8088,-0.2616,0
24,0,808.26,565.18,2,646.78,4,414.42,1.4301,0.8002,0.3007,1
21,0,678.12,632.37,6,1452.17,5,28.63,1.0723,2.1415,0.0675,1
21,0,5834.79,5725.53,3,819.07,4,-23.41,1.0191,0.1404,0.0187,1
25,0,3105.56,2378.74,5,1881.88,5,919.24,1.3055,0.606,0.234,1
24,2,1525.38,1104.67,4,200.99,6,109.85,1.3808,0.1318,0.2758,1
21,2,2986.19,2028.21,6,2191.97,1,1018.93,1.4723,0.734,0.3208,0
24,0,1381.04,896.25,3,672.58,3,473.13,1.5409,0.487,0.351,1
26,0,4309.27,4118.32,6,1574.21,0,394.79,1.0464,0.3653,0.0443,0
24,0,654.25,778.17,6,1245.12,4,96.89,0.8408,1.9031,-0.1894,1
18,0,669.1,460.83,6,847.93,4,44.91,1.4519,1.2673,0.3113,1
21,0,985.98,1075.15,4,292.41,4,-38.6,0.9171,0.2966,-0.0904,1
23,1,3597.31,3197.41,6,2284.76,5,279.73,1.1251,0.6351,0.1112,0
22,0,959.17,599.15,5,1341.78,8,283.18,1.6009,1.3989,0.3753,1
21,1,3972.86,3874.26,2,711.43,2,185.54,1.0255,0.1791,0.0248,0
25,0,742.53,576.5,1,151.78,3,74.69,1.288,0.2044,0.2236,0
25,1,2554.55,2615.04,1,147.3,0,-26.32,0.9769,0.0577,-0.0237,0
21,1,2714.3,2292.3,4,670.1,0,515.63,1.1841,0.2469,0.1555,0
21,0,606.01,646.32,1,130.86,6,189.45,0.9376,0.2159,-0.0665,1
26,0,307.11,381.72,1,224.29,7,-28.64,0.8045,0.7303,-0.2429,1
22,1,4986.43,3845.44,4,1510.74,6,981.31,1.2967,0.303,0.2288,1
19,0,716.13,900.81,2,713.24,2,-332.6,0.795,0.996,-0.2579,0
19,0,806.41,599.18,4,893.14,5,415.68,1.3459,1.1076,0.257,1
24,0,417.4,271.1,6,1032.4,4,221.56,1.5397,2.4734,0.3505,1
23,0,812.02,596.75,0,0.0,4,239.7,1.3607,0.0,0.2651,0
26,1,963.86,1128.14,4,1057.16,4,-121.49,0.8544,1.0968,-0.1704,1
23,1,819.48,880.36,5,1446.59,8,5.16,0.9308,1.7653,-0.0743,1
24,0,848.52,1085.75,0,0.0,2,-114.66,0.7815,0.0,-0.2796,0
22,0,789.8,866.32,5,296.82,4,57.08,0.9117,0.3758,-0.0969,1
26,1,4432.84,3940.09,3,229.85,4,588.69,1.1251,0.0519,0.1112,1
18,1,3611.57,4423.1,4,1563.28,5,-670.42,0.8165,0.4329,-0.2247,1
22,0,963.54,1224.36,0,0.0,0,48.45,0.787,0.0,-0.2707,0
24,0,762.19,879.69,3,1145.66,5,40.38,0.8664,1.5031,-0.1542,1
25,0,851.53,842.71,2,337.67,3,-2.34,1.0105,0.3965,0.0104,0
25,0,977.12,1151.08,1,237.23,1,-426.03,0.8489,0.2428,-0.178,0
18,0,1457.44,1057.13,5,813.42,5,398.96,1.3787,0.5581,0.2747,0
23,0,524.86,645.71,3,1104.38,8,108.43,0.8128,2.1041,-0.2303,1
18,0,750.72,975.7,6,904.24,1,-362.89,0.7694,1.2045,-0.2997,1
19,1,317.03,337.83,1,292.83,5,-6.16,0.9384,0.9237,-0.0656,0
21,0,699.28,515.45,5,556.35,7,204.89,1.3566,0.7956,0.2629,1
21,1,3520.97,2468.57,4,347.35,2,1176.86,1.4263,0.0987,0.2989,0
26,0,726.7,924.06,4,417.89,4,-263.0,0.7864,0.5751,-0.2716,1
25,0,506.48,612.81,2,470.62,5,-226.88,0.8265,0.9292,-0.2099,1
21,0,806.15,906.17,4,1382.36,2,11.18,0.8896,1.7148,-0.1241,1
26,1,4477.36,5661.1,1,399.75,5,-1403.85,0.7909,0.0893,-0.2644,1
19,1,1810.43,1724.22,5,1339.7,6,-213.02,1.05,0.74,0.0476,1
22,0,370.54,452.59,3,710.28,3,187.04,0.8187,1.9169,-0.2214,1
23,1,3459.77,2470.19,3,976.23,2,932.84,1.4006,0.2822,0.286,1
25,0,647.97,471.7,4,289.24,5,440.62,1.3737,0.4464,0.272,1
19,0,599.62,574.82,0,0.0,5,157.89,1.0431,0.0,0.0414,0
23,0,649.96,541.26,2,630.87,1,207.57,1.2008,0.9706,0.1672,0
22,0,439.94,397.16,1,235.34,2,95.4,1.1077,0.5349,0.0972,0
18,0,619.92,718.32,6,348.27,4,-109.61,0.863,0.5618,-0.1587,1
21,2,4593.42,2927.78,2,241.54,0,1437.58,1.5689,0.0526,0.3626,1
25,0,859.87,949.8,0,0.0,6,-147.11,0.9053,0.0,-0.1046,1
23,0,413.97,273.95,0,0.0,1,-29.53,1.5111,0.0,0.3382,0
22,0,770.72,919.66,6,1640.83,9,-179.72,0.838,2.129,-0.1932,1
24,0,898.93,666.4,1,228.53,0,377.36,1.3489,0.2542,0.2587,0
23,0,873.02,972.94,0,0.0,6,-270.16,0.8973,0.0,-0.1145,0
25,2,4906.94,4977.19,1,322.99,0,-258.09,0.9859,0.0658,-0.0143,0
22,1,3965.71,3449.91,1,163.27,4,624.8,1.1495,0.0412,0.1301,0
22,0,950.89,748.61,0,0.0,2,114.16,1.2702,0.0,0.2127,0
21,1,2987.24,1912.5,6,1721.79,3,1246.42,1.562,0.5764,0.3598,1
21,0,552.32,468.02,0,0.0,0,223.07,1.1801,0.0,0.1526,0
24,0,4110.09,3042.99,5,819.79,4,965.23,1.3507,0.1995,0.2596,0
22,0,484.52,336.81,5,1045.75,7,31.48,1.4386,2.1583,0.3049,1
18,0,1775.83,1983.51,4,539.83,2,-25.59,0.8953,0.304,-0.1169,0
23,0,353.16,264.43,0,0.0,3,182.93,1.3356,0.0,0.2512,0
21,1,2310.5,1747.22,5,1732.2,4,448.36,1.3224,0.7497,0.2438,0
26,0,975.09,817.45,2,793.76,5,167.68,1.1928,0.814,0.1617,1
25,2,996.04,920.2,2,775.18,4,131.46,1.0824,0.7783,0.0761,1
22,1,1912.68,1835.41,1,160.06,0,30.9,1.0421,0.0837,0.0404,0
22,1,2338.7,2491.14,5,916.05,3,-396.53,0.9388,0.3917,-0.0652,0
21,1,7464.47,7553.79,4,1177.56,2,25.6,0.9882,0.1578,-0.012,0
22,1,975.69,914.4,1,55.55,2,148.75,1.067,0.0569,0.0628,0
24,0,1949.7,1707.47,2,795.72,2,-102.57,1.1419,0.4081,0.1242,0
22,0,673.53,529.43,5,268.98,2,191.82,1.2722,0.3994,0.2139,0
22,0,581.05,637.39,6,1416.12,4,221.05,0.9116,2.4372,-0.097,1
23,2,1431.99,1177.46,6,1704.27,3,109.11,1.2162,1.1901,0.1777,1
26,0,712.85,851.65,0,0.0,4,-109.7,0.837,0.0,-0.1947,0
21,0,2889.9,2919.71,6,1652.69,1,-48.54,0.9898,0.5719,-0.0103,0
23,1,4073.99,4252.27,3,776.82,5,102.17,0.9581,0.1907,-0.0438,1
22,0,1728.98,1653.17,5,775.63,3,246.81,1.0459,0.4486,0.0438,0
18,1,6949.04,8686.23,2,513.64,4,-2027.35,0.8,0.0739,-0.25,0
22,0,319.42,285.92,4,1249.58,5,76.36,1.1172,3.912,0.1049,1
19,0,969.55,871.51,1,230.46,1,429.54,1.1125,0.2377,0.1011,0
23,0,502.64,615.79,3,968.62,8,-206.15,0.8163,1.9271,-0.2251,1
22,0,398.48,407.82,1,74.36,5,-10.62,0.9771,0.1866,-0.0234,1
21,0,303.84,277.83,2,334.76,1,97.66,1.0936,1.1018,0.0856,0
21,0,898.97,704.35,2,771.87,7,70.35,1.2763,0.8586,0.2165,0
24,0,903.38,696.99,6,979.23,6,458.02,1.2961,1.084,0.2285,1
25,1,2191.91,2544.82,4,1070.6,0,-322.94,0.8613,0.4884,-0.161,1
22,2,406.42,323.36,4,927.84,4,-125.02,1.2569,2.283,0.2044,1
22,0,613.08,370.31,1,377.82,1,117.94,1.6556,0.6163,0.396,0
26,0,429.81,263.74,3,320.91,6,269.23,1.6297,0.7466,0.3864,1
23,0,814.34,1046.33,3,464.36,5,-345.56,0.7783,0.5702,-0.2849,1
23,1,340.57,337.81,5,1759.16,10,47.97,1.0082,5.1653,0.0081,1
25,1,684.25,644.78,1,283.17,1,124.13,1.0612,0.4138,0.0577,0
22,0,567.57,705.21,0,0.0,6,-281.82,0.8048,0.0,-0.2425,1
23,0,625.0,528.86,3,564.65,6,-7.26,1.1818,0.9034,0.1538,0
23,2,3693.56,4271.6,5,969.8,6,-472.92,0.8647,0.2626,-0.1565,1
21,1,407.06,449.91,5,1886.11,8,62.05,0.9048,4.6335,-0.1053,1
22,0,453.98,424.0,5,1424.38,8,-49.65,1.0707,3.1375,0.066,1
23,1,345.3,394.42,2,750.37,7,-19.13,0.8755,2.1731,-0.1423,1
21,0,380.58,485.64,1,390.27,2,-149.48,0.7837,1.0255,-0.2761,0
22,0,983.55,728.25,4,965.81,5,310.38,1.3506,0.982,0.2596,1
24,1,2006.45,1228.46,0,0.0,3,648.16,1.6333,0.0,0.3877,0
23,0,514.61,604.68,6,1678.37,8,-127.96,0.851,3.2614,-0.175,1
21,0,388.85,343.16,4,1374.84,7,120.26,1.1331,3.5357,0.1175,1
25,2,827.86,812.2,3,842.03,5,-47.52,1.0193,1.0171,0.0189,1
24,1,1160.68,877.15,1,90.13,6,321.67,1.3232,0.0777,0.2443,1
21,0,852.04,1013.29,1,379.85,4,-90.13,0.8409,0.4458,-0.1893,0
22,1,3317.78,3665.63,6,1687.96,6,110.76,0.9051,0.5088,-0.1048,1
24,1,2227.95,2823.61,0,0.0,5,-495.59,0.789,0.0,-0.2674,1
22,0,582.56,543.34,0,0.0,2,7.83,1.0722,0.0,0.0673,0
26,3,900.79,1156.25,2,432.3,5,-288.34,0.7791,0.4799,-0.2836,1
26,1,858.16,821.77,1,291.1,4,-122.85,1.0443,0.3392,0.0424,0
25,0,301.21,311.75,4,1286.97,10,-77.03,0.9662,4.2727,-0.035,1
22,0,640.97,687.05,0,0.0,2,53.03,0.9329,0.0,-0.0719,0
22,1,1619.61,1527.03,5,962.85,1,206.5,1.0606,0.5945,0.0572,0
19,3,360.28,358.1,5,1597.25,10,46.68,1.0061,4.4334,0.0061,1
21,0,891.49,674.25,1,397.28,4,124.74,1.3222,0.4456,0.2437,1
26,0,305.56,260.84,4,216.3,5,-33.71,1.1714,0.7079,0.1464,0
23,1,810.38,884.44,4,570.73,6,-190.81,0.9163,0.7043,-0.0914,1
21,0,990.75,621.49,5,1063.49,4,210.38,1.5942,1.0734,0.3727,1
19,0,636.93,694.44,5,640.15,1,-248.68,0.9172,1.0051,-0.0903,1
25,2,559.5,454.67,6,356.54,6,294.77,1.2306,0.6372,0.1874,1
18,1,4695.44,3710.74,0,0.0,1,1236.92,1.2654,0.0,0.2097,0
18,2,862.48,936.17,4,1109.16,2,-366.7,0.9213,1.286,-0.0854,1
23,1,467.94,351.17,5,978.11,8,127.91,1.3325,2.0902,0.2495,1
19,0,475.24,605.07,1,179.46,5,-98.72,0.7854,0.3776,-0.2732,0
21,2,2399.95,3104.28,1,394.96,3,-473.66,0.7731,0.1646,-0.2935,1
21,0,956.98,881.06,0,0.0,4,-5.96,1.0862,0.0,0.0793,0
23,0,508.61,448.08,6,1975.95,5,211.19,1.1351,3.885,0.119,1
19,2,1754.57,1149.82,6,903.07,1,495.37,1.526,0.5147,0.3447,0
19,1,2927.81,3351.62,0,0.0,1,-208.28,0.8736,0.0,-0.1448,0
23,2,423.18,302.11,1,338.29,3,-13.37,1.4007,0.7994,0.2861,0
19,0,353.8,443.36,3,431.09,3,-298.78,0.798,1.2185,-0.2531,1
22,3,712.24,921.22,6,1677.3,3,-99.9,0.7731,2.355,-0.2934,1
22,0,316.96,217.34,5,1443.53,10,-41.78,1.4584,4.5543,0.3143,1
21,1,2617.06,2821.46,6,1229.49,4,-10.43,0.9276,0.4698,-0.0781,1
22,2,734.92,680.68,5,1604.12,5,-259.56,1.0797,2.1827,0.0738,1
22,0,761.0,744.87,4,629.64,7,-57.25,1.0217,0.8274,0.0212,1
18,1,2158.53,1566.45,2,438.99,2,484.29,1.378,0.2034,0.2743,0
18,1,1849.11,2045.97,4,1586.21,1,-250.67,0.9038,0.8578,-0.1065,1
26,1,4259.1,3052.19,3,337.61,5,988.5,1.3954,0.0793,0.2834,1
18,2,4425.43,5397.74,6,610.34,0,-650.64,0.8199,0.1379,-0.2197,1
23,1,4105.82,3768.25,3,299.31,0,406.69,1.0896,0.0729,0.0822,0
23,0,854.13,892.06,5,1996.69,6,76.42,0.9575,2.3377,-0.0444,1
21,0,764.7,952.25,1,105.97,4,-218.33,0.803,0.1386,-0.2453,0
21,3,925.07,1032.89,4,466.33,1,229.07,0.8956,0.5041,-0.1166,1
26,3,885.78,866.82,3,879.53,6,227.95,1.0219,0.9929,0.0214,1
25,3,393.14,346.7,3,947.47,4,2.72,1.1339,2.41,0.1181,1
23,0,968.72,894.61,5,1172.36,7,54.44,1.0828,1.2102,0.0765,1
22,0,923.33,774.83,3,1181.8,5,54.44,1.1917,1.2799,0.1608,1
22,1,4780.27,6034.27,0,0.0,1,-867.05,0.7922,0.0,-0.2623,1
21,1,3185.95,2475.48,2,534.57,2,635.08,1.287,0.1678,0.223,0
22,0,722.18,640.24,6,1573.59,3,-37.02,1.128,2.1789,0.1135,1
23,0,2341.77,2680.76,6,974.61,5,-647.39,0.8735,0.4162,-0.1448,1
22,0,823.95,704.51,4,1459.22,6,66.87,1.1695,1.771,0.145,1
26,0,666.7,813.79,4,974.03,5,54.42,0.8193,1.461,-0.2206,1
18,0,353.47,272.23,1,136.22,4,58.66,1.2984,0.3854,0.2298,1
23,0,471.04,292.96,5,404.63,5,156.87,1.6079,0.859,0.3781,1
21,0,916.88,953.67,4,349.97,4,3.49,0.9614,0.3817,-0.0401,0
21,2,4038.62,3860.02,0,0.0,2,30.26,1.0463,0.0,0.0442,0
18,1,814.93,1021.22,6,825.65,3,-180.62,0.798,1.0132,-0.2531,1
23,2,504.07,451.74,5,1837.26,6,171.67,1.1158,3.6449,0.1038,1
24,0,616.4,428.34,0,0.0,5,246.04,1.439,0.0,0.3051,1
18,0,671.17,557.62,2,788.75,4,260.89,1.2036,1.1752,0.1692,0
22,0,474.81,415.58,5,1708.36,8,239.52,1.1425,3.598,0.1247,1
18,1,2508.64,2529.19,5,453.4,5,76.92,0.9919,0.1807,-0.0082,1
18,0,1024.7,811.72,1,80.12,3,68.58,1.2624,0.0782,0.2078,0
21,1,3702.73,3648.0,0,0.0,6,-5.2,1.015,0.0,0.0148,0
22,1,561.38,693.66,6,463.94,2,145.56,0.8093,0.8264,-0.2356,1
23,1,820.32,735.51,6,850.58,1,129.16,1.1153,1.0369,0.1034,0
23,0,804.42,849.55,5,1652.19,5,-20.32,0.9469,2.0539,-0.0561,1
24,0,2297.7,1746.78,4,1470.61,3,452.28,1.3154,0.64,0.2398,1
18,0,843.59,979.35,4,1274.71,7,-137.88,0.8614,1.5111,-0.1609,1
24,0,375.24,295.98,3,1084.39,8,171.4,1.2678,2.8899,0.2112,1
22,1,382.63,384.87,4,983.84,9,-0.1,0.9942,2.5713,-0.0059,1
22,0,759.59,615.4,2,645.73,1,51.97,1.2343,0.8501,0.1898,0
24,1,784.64,507.8,0,0.0,3,213.17,1.5452,0.0,0.3528,0
25,0,869.35,716.14,2,649.65,6,319.2,1.2139,0.7473,0.1762,1
23,3,426.54,319.23,2,575.82,5,175.7,1.3362,1.35,0.2516,1
24,3,661.22,809.91,2,502.38,2,-26.71,0.8164,0.7598,-0.2249,1
22,0,761.92,599.11,3,1191.92,7,220.24,1.2718,1.5644,0.2137,1
23,1,456.37,585.11,0,0.0,6,-308.48,0.78,0.0,-0.2821,1
24,0,661.33,624.72,2,533.47,2,73.17,1.0586,0.8067,0.0554,1
23,1,5038.37,3802.69,3,685.4,3,1119.29,1.3249,0.136,0.2453,1
24,2,2263.45,1978.12,1,141.18,5,207.0,1.1442,0.0624,0.1261,1
21,1,3472.02,2529.03,3,496.88,1,1096.52,1.3729,0.1431,0.2716,1
24,1,2545.19,3012.43,4,1570.3,0,-265.58,0.8449,0.617,-0.1836,0
23,0,931.16,636.89,2,374.48,5,396.08,1.462,0.4022,0.316,1
23,1,3879.44,4699.82,0,0.0,5,-797.06,0.8254,0.0,-0.2115,1
23,1,2250.74,1422.79,4,993.94,1,850.27,1.5819,0.4416,0.3679,0
23,0,324.57,262.81,4,1445.73,10,-161.62,1.235,4.4543,0.1903,1
18,0,331.42,231.3,2,630.38,7,110.44,1.4329,1.9021,0.3021,0
18,1,2338.01,2524.32,0,0.0,6,-39.32,0.9262,0.0,-0.0797,0
21,1,4272.0,4095.25,0,0.0,5,177.72,1.0432,0.0,0.0414,1
19,0,312.34,392.78,0,0.0,1,106.08,0.7952,0.0,-0.2575,0
23,2,3783.02,3239.5,5,532.37,4,514.78,1.1678,0.1407,0.1437,1
22,1,1333.78,838.31,2,452.41,5,443.19,1.591,0.3392,0.3715,1
22,0,582.16,659.68,2,322.44,1,-321.53,0.8825,0.5539,-0.1332,0
23,0,333.96,335.85,4,290.66,2,-43.01,0.9944,0.8703,-0.0057,0
21,0,724.67,854.53,4,1596.0,6,-50.15,0.848,2.2024,-0.1792,1
26,1,2405.02,2160.42,0,0.0,5,313.6,1.1132,0.0,0.1017,0
23,0,811.2,905.89,6,1869.8,6,-285.84,0.8955,2.305,-0.1167,1
19,0,456.82,328.79,1,120.36,4,300.06,1.3894,0.2635,0.2803,0
22,1,3044.19,3956.44,5,1979.92,4,-1031.34,0.7694,0.6504,-0.2997,1
22,1,3071.94,2216.57,5,1353.89,6,759.81,1.3859,0.4407,0.2784,0
23,1,2036.81,2405.19,3,1164.38,4,-420.83,0.8468,0.5717,-0.1809,1
21,0,1396.24,1045.37,1,64.9,0,366.67,1.3356,0.0465,0.2513,0
25,1,836.66,960.28,3,332.14,2,-89.73,0.8713,0.397,-0.1478,1
18,0,517.31,622.26,1,287.04,1,1.61,0.8313,0.5549,-0.2029,0
18,0,566.71,687.79,5,1837.56,9,155.61,0.824,3.2425,-0.2137,1
25,1,4384.74,4090.98,5,557.62,6,360.89,1.0718,0.1272,0.067,1
22,1,338.78,304.96,5,804.92,8,-58.66,1.1109,2.3759,0.0998,0
19,0,975.89,1155.12,5,1279.31,2,-117.79,0.8448,1.3109,-0.1837,1
25,1,2448.26,2462.07,1,399.88,4,280.43,0.9944,0.1633,-0.0056,0
25,0,318.64,329.76,0,0.0,0,89.31,0.9663,0.0,-0.0349,0
22,0,303.72,232.42,4,1492.99,8,214.75,1.3068,4.9157,0.2348,1
23,0,1095.08,999.05,4,1145.02,3,-134.58,1.0961,1.0456,0.0877,0
21,0,918.09,788.29,6,2142.48,6,197.29,1.1647,2.3336,0.1414,1
19,1,2573.84,2743.01,4,909.86,2,-166.14,0.9383,0.3535,-0.0657,1
22,1,1650.62,1217.4,5,467.28,3,251.22,1.3559,0.2831,0.2625,0
23,1,2568.31,2270.45,2,596.69,0,295.69,1.1312,0.2323,0.116,0
21,0,613.67,732.79,0,0.0,5,-105.5,0.8374,0.0,-0.1941,1
26,0,3190.42,3134.63,0,0.0,2,-43.35,1.0178,0.0,0.0175,0
18,0,332.45,407.99,3,438.74,6,-25.09,0.8148,1.3197,-0.2272,1
22,1,3683.95,2810.0,0,0.0,0,761.18,1.311,0.0,0.2372,0
21,0,646.83,587.28,3,1011.43,8,147.79,1.1014,1.5637,0.0921,1
25,0,618.09,587.37,2,354.93,4,59.1,1.0523,0.5742,0.0497,1
21,1,660.1,581.15,1,374.72,1,132.4,1.1359,0.5677,0.1196,0
22,1,7398.81,7984.39,4,717.64,5,-294.53,0.9267,0.097,-0.0791,1
21,0,456.91,321.71,4,350.59,6,216.41,1.4203,0.7673,0.2959,1
22,0,796.22,767.22,0,0.0,5,26.6,1.0378,0.0,0.0364,0
22,1,4679.3,3262.13,3,669.24,6,922.56,1.4344,0.143,0.3029,1
21,0,893.84,929.99,6,467.71,6,46.37,0.9611,0.5233,-0.0404,1
23,0,306.07,361.52,2,602.89,3,-195.89,0.8466,1.9698,-0.1812,1
24,1,419.11,257.33,5,1641.42,6,136.11,1.6287,3.9164,0.386,1
24,0,629.26,578.83,2,484.63,1,108.89,1.0871,0.7702,0.0801,0
21,0,894.53,845.23,1,362.67,0,242.6,1.0583,0.4054,0.0551,0
23,0,974.62,1076.15,5,1920.0,2,181.13,0.9057,1.97,-0.1042,1
19,0,715.81,466.93,2,413.31,4,131.07,1.533,0.5774,0.3477,1
24,0,448.28,396.38,6,487.17,5,-158.47,1.1309,1.0868,0.1158,1
22,0,429.02,493.3,4,523.77,1,-2.9,0.8697,1.2209,-0.1498,1
22,0,746.97,726.43,5,1400.83,4,58.27,1.0283,1.8753,0.0275,1
19,0,446.84,502.65,5,960.12,3,-228.77,0.889,2.1487,-0.1249,1
25,2,686.61,586.92,6,1738.52,4,78.14,1.1699,2.532,0.1452,1
21,2,2537.9,3157.3,3,850.07,0,-591.05,0.8038,0.335,-0.2441,0
22,0,572.48,374.48,6,1571.27,7,-37.83,1.5287,2.7447,0.3459,1
22,0,564.55,374.76,0,0.0,0,30.09,1.5064,0.0,0.3362,0
25,1,3489.62,3384.72,3,450.21,5,9.87,1.031,0.129,0.0301,1
22,3,477.61,443.98,2,364.5,7,2.29,1.0757,0.7632,0.0704,0
22,1,3974.05,4160.54,0,0.0,5,-59.41,0.9552,0.0,-0.0469,1
25,0,551.91,419.64,6,1732.67,9,45.94,1.3152,3.1394,0.2397,1
24,0,410.65,311.36,5,1378.63,10,111.2,1.3189,3.3572,0.2418,1
23,0,373.93,420.44,5,1426.24,10,289.44,0.8894,3.8142,-0.1244,1
23,1,4139.63,3329.24,4,904.48,6,500.77,1.2434,0.2185,0.1958,1
23,0,760.73,843.73,4,255.48,1,-167.35,0.9016,0.3358,-0.1091,0
24,0,728.22,763.53,2,240.78,4,69.76,0.9538,0.3306,-0.0485,1
22,0,662.45,436.11,4,396.42,2,316.98,1.519,0.5984,0.3417,1
23,0,649.73,713.27,6,434.39,6,-3.11,0.9109,0.6686,-0.0978,1
23,0,407.04,494.82,1,161.82,0,177.52,0.8226,0.3976,-0.2157,0
22,0,649.92,761.48,2,651.41,3,-44.23,0.8535,1.0023,-0.1717,1
26,1,341.9,207.26,0,0.0,2,-152.4,1.6496,0.0,0.3938,0
22,1,2609.98,2552.04,6,533.99,5,73.67,1.0227,0.2046,0.0222,1
19,1,3314.32,4107.56,3,280.48,2,-871.85,0.8069,0.0846,-0.2393,1
26,0,596.05,607.44,4,577.75,7,195.18,0.9812,0.9693,-0.0191,1
24,1,300.4,241.29,1,120.77,3,193.75,1.245,0.402,0.1968,0
25,1,849.52,625.4,0,0.0,4,0.52,1.3584,0.0,0.2638,1
19,0,416.15,449.22,5,733.88,5,178.1,0.9264,1.7635,-0.0795,1
21,0,946.52,1078.92,6,2392.22,6,22.91,0.8773,2.5274,-0.1399,1
21,1,330.74,409.72,2,335.54,3,-121.39,0.8072,1.0145,-0.2388,0
19,0,873.73,1078.18,5,619.7,2,-164.92,0.8104,0.7093,-0.234,1
26,0,758.99,635.65,4,894.0,5,331.54,1.194,1.1779,0.1625,1
21,0,474.57,485.35,4,521.12,3,-305.32,0.9778,1.0981,-0.0227,0
22,0,441.49,296.27,1,245.88,6,194.93,1.4902,0.5569,0.3289,1
24,0,550.02,366.38,4,760.92,2,335.27,1.5012,1.3834,0.3339,1
22,0,879.05,571.41,1,363.89,1,218.62,1.5384,0.414,0.35,0
21,0,902.51,1127.24,1,374.77,0,-78.11,0.8006,0.4153,-0.249,0
22,1,6925.53,4894.29,2,599.14,6,1584.15,1.415,0.0865,0.2933,1
22,0,2240.18,2100.46,1,125.49,2,33.4,1.0665,0.056,0.0624,0
21,0,466.01,420.88,6,1295.19,4,-75.81,1.1072,2.7793,0.0968,1
21,0,385.73,319.13,0,0.0,0,167.51,1.2087,0.0,0.1727,0
24,1,2184.35,2132.82,6,1976.38,7,-45.69,1.0242,0.9048,0.0236,1
21,3,541.76,326.11,1,60.21,6,-21.67,1.6613,0.1111,0.3981,0
21,0,457.54,396.28,6,1691.23,6,67.67,1.1546,3.6964,0.1339,1
21,0,905.33,846.97,2,326.26,4,-34.09,1.0689,0.3604,0.0645,0
23,0,823.07,956.67,6,1310.11,3,-303.04,0.8603,1.5917,-0.1623,1
19,0,840.86,917.1,3,489.14,5,-50.63,0.9169,0.5817,-0.0907,1
21,1,4391.04,5246.56,3,533.03,5,-782.68,0.8369,0.1214,-0.1948,1
23,0,939.68,811.33,0,0.0,3,104.99,1.1582,0.0,0.1366,1
21,3,701.74,490.26,3,775.27,7,36.56,1.4314,1.1048,0.3014,1
25,0,1307.5,1151.57,3,406.29,1,207.62,1.1354,0.3107,0.1193,0
21,0,307.4,391.67,6,391.64,7,71.24,0.7848,1.274,-0.2741,1
18,1,927.47,695.63,1,349.61,2,582.41,1.3333,0.377,0.25,0
25,0,680.18,491.31,0,0.0,6,379.58,1.3844,0.0,0.2777,1
25,1,4508.05,5684.81,1,266.56,5,-995.41,0.793,0.0591,-0.261,1
21,0,758.2,959.08,1,220.97,3,-65.05,0.7905,0.2914,-0.2649,1
21,1,856.89,603.65,6,1599.77,2,228.83,1.4195,1.8669,0.2955,1
23,0,1766.67,2011.56,1,269.44,5,-354.47,0.8783,0.1525,-0.1386,1
23,0,943.75,850.15,6,331.59,4,132.86,1.1101,0.3514,0.0992,1
21,1,1203.21,1136.49,0,0.0,6,337.25,1.0587,0.0,0.0555,0
23,0,441.27,418.8,5,1128.69,4,196.27,1.0537,2.5578,0.0509,1
19,0,1914.27,2446.17,2,167.07,1,-617.77,0.7826,0.0873,-0.2779,1
22,1,4017.22,2929.61,0,0.0,2,960.17,1.3712,0.0,0.2707,0
25,0,1557.46,1777.29,4,530.2,2,-160.47,0.8763,0.3404,-0.1411,0
21,2,795.27,480.32,5,345.42,0,-4.23,1.6557,0.4343,0.396,0
21,1,2235.45,2324.93,5,1655.53,2,-331.3,0.9615,0.7406,-0.04,1
19,1,3898.46,4120.18,1,352.8,3,-194.76,0.9462,0.0905,-0.0569,0
21,0,522.89,589.61,4,536.97,7,-43.62,0.8868,1.0269,-0.1276,1
23,0,900.43,1123.89,3,871.92,1,-463.45,0.8012,0.9683,-0.2482,1
24,3,2786.39,3142.17,3,155.2,1,-280.66,0.8868,0.0557,-0.1277,0
25,0,743.17,826.78,6,1814.41,9,83.64,0.8989,2.4414,-0.1125,1
26,0,922.2,717.15,2,425.37,0,135.66,1.2859,0.4613,0.2223,0
24,0,476.63,617.23,2,654.74,2,-96.12,0.7722,1.3737,-0.295,1
26,0,2969.87,2755.7,3,562.69,6,294.1,1.0777,0.1895,0.0721,1
25,0,4255.54,3796.86,6,1037.26,1,436.11,1.1208,0.2437,0.1078,0
18,1,3132.43,2979.93,6,2065.65,2,-124.13,1.0512,0.6594,0.0487,0
21,1,588.6,515.52,4,254.11,0,-67.88,1.1418,0.4317,0.1242,0
21,1,3662.28,3719.21,0,0.0,2,-102.89,0.9847,0.0,-0.0155,0
23,0,923.01,779.7,2,388.49,6,-14.96,1.1838,0.4209,0.1553,1
19,0,443.07,340.26,0,0.0,6,310.36,1.3022,0.0,0.232,1
25,0,673.32,841.38,0,0.0,4,-81.53,0.8003,0.0,-0.2496,1
22,1,3859.13,4821.91,5,1256.51,4,-1137.81,0.8003,0.3256,-0.2495,1
23,0,328.49,311.2,5,912.36,8,-17.85,1.0556,2.7774,0.0526,1
22,0,366.9,467.25,0,0.0,4,87.19,0.7852,0.0,-0.2735,1
21,0,979.21,872.48,3,1102.32,4,19.93,1.1223,1.1257,0.109,1
22,1,764.49,666.0,1,204.31,1,222.42,1.1479,0.2673,0.1288,0
26,1,2495.5,3099.0,0,0.0,6,-380.46,0.8053,0.0,-0.2418,1
23,1,855.15,891.96,2,423.95,6,155.84,0.9587,0.4958,-0.043,1
23,0,655.47,743.15,0,0.0,1,-38.0,0.882,0.0,-0.1338,0
21,3,352.56,313.4,5,1637.95,6,219.68,1.125,4.6459,0.1111,1
23,0,775.85,686.55,6,2158.91,9,14.25,1.1301,2.7826,0.1151,1
21,0,649.05,427.28,2,668.03,1,608.9,1.519,1.0292,0.3417,0
24,0,443.24,565.89,1,381.66,6,-59.1,0.7833,0.8611,-0.2767,1
25,0,913.51,693.88,3,641.43,7,388.5,1.3165,0.7022,0.2404,1
21,0,503.67,476.47,6,1669.88,4,-25.75,1.0571,3.3154,0.054,1
26,0,498.91,339.37,1,108.92,5,242.68,1.4701,0.2183,0.3198,1
19,0,490.67,516.61,4,1567.53,4,58.6,0.9498,3.1947,-0.0529,1
26,1,836.45,730.73,0,0.0,2,-54.38,1.1447,0.0,0.1264,0
18,1,2446.13,2782.14,2,283.16,3,-507.5,0.8792,0.1158,-0.1374,1
23,1,931.3,903.24,3,995.64,5,-7.93,1.0311,1.0691,0.0301,1
26,0,460.31,317.91,2,510.54,1,279.87,1.4479,1.1091,0.3094,0
22,0,849.67,516.19,1,382.39,0,-13.84,1.646,0.45,0.3925,0
22,1,1492.34,1117.34,5,1597.46,2,287.95,1.3356,1.0704,0.2513,1
23,0,515.77,570.98,4,1428.17,8,155.47,0.9033,2.769,-0.107,1
22,0,324.78,383.23,3,723.98,5,-239.08,0.8475,2.2291,-0.18,1
22,0,1284.82,1077.88,2,462.12,1,411.06,1.192,0.3597,0.1611,0
24,1,1862.91,1816.61,0,0.0,1,-127.41,1.0255,0.0,0.0249,0
26,0,741.59,569.55,4,347.02,6,49.38,1.3021,0.4679,0.232,1
22,1,3891.35,4733.09,1,68.91,4,-916.25,0.8222,0.0177,-0.2163,0
23,0,303.11,386.66,2,788.59,9,196.06,0.7839,2.6017,-0.2756,1
22,0,995.05,1121.48,6,2224.22,6,-215.25,0.8873,2.2353,-0.1271,1
23,0,1166.5,772.48,4,1537.93,6,154.67,1.5101,1.3184,0.3378,1
23,0,640.04,579.87,4,287.31,4,-154.81,1.1038,0.4489,0.094,0
26,0,775.56,1003.07,1,144.26,3,-38.32,0.7732,0.186,-0.2933,0
24,1,4257.57,3238.18,3,1096.62,3,887.61,1.3148,0.2576,0.2394,0
25,0,820.47,877.35,0,0.0,3,126.95,0.9352,0.0,-0.0693,0
23,0,393.9,495.13,1,208.0,2,-97.15,0.7955,0.5281,-0.257,0
21,1,612.0,698.44,5,847.26,6,-78.94,0.8762,1.3844,-0.1412,1
22,0,1416.08,1453.18,3,1073.84,4,13.64,0.9745,0.7583,-0.0262,0
21,0,621.3,593.15,4,925.31,8,-91.81,1.0475,1.4893,0.0453,1
22,0,614.88,768.7,5,758.15,7,-126.03,0.7999,1.233,-0.2502,1
19,0,400.02,350.54,6,1401.03,8,-135.62,1.1412,3.5024,0.1237,1
18,0,982.57,1209.43,0,0.0,2,-36.2,0.8124,0.0,-0.2309,0
26,1,310.83,280.29,4,1223.68,10,-126.41,1.109,3.9368,0.0983,1
23,0,307.04,346.83,6,1598.51,10,37.78,0.8853,5.2062,-0.1296,1
26,1,2440.77,3028.99,1,260.25,1,-730.07,0.8058,0.1066,-0.241,1
22,0,733.64,722.97,6,1219.47,7,-72.24,1.0148,1.6622,0.0145,1
22,1,425.58,347.66,4,611.94,6,13.46,1.2241,1.4379,0.1831,1
23,1,672.7,427.63,2,145.77,4,637.58,1.5731,0.2167,0.3643,1
21,0,805.22,939.27,5,1907.31,8,-108.98,0.8573,2.3687,-0.1665,1
18,0,365.75,378.7,6,1174.76,5,-137.37,0.9658,3.2119,-0.0354,1
19,0,988.11,774.81,0,0.0,5,92.31,1.2753,0.0,0.2159,0
26,3,535.35,650.02,4,726.07,2,-340.72,0.8236,1.3563,-0.2142,1
21,3,749.05,931.98,6,2374.54,9,-199.11,0.8037,3.1701,-0.2442,1
23,0,1481.13,1808.48,4,1314.64,5,22.98,0.819,0.8876,-0.221,1
23,1,3521.93,3596.11,3,250.55,4,-29.27,0.9794,0.0711,-0.0211,0
21,0,1937.54,2487.04,0,0.0,5,-293.41,0.7791,0.0,-0.2836,1
22,0,1501.0,1819.76,3,658.87,2,-425.36,0.8248,0.439,-0.2124,0
22,1,2771.32,1865.05,6,1966.04,6,890.46,1.4859,0.7094,0.327,1
26,0,496.45,638.82,5,1995.3,6,-112.56,0.7771,4.0191,-0.2868,1
25,0,1467.27,1444.03,3,931.52,4,-89.56,1.0161,0.6349,0.0158,1
23,1,4613.71,5739.57,2,705.45,5,-1106.06,0.8038,0.1529,-0.244,1
21,0,1392.6,1576.76,5,1129.61,1,-107.47,0.8832,0.8112,-0.1322,1
23,1,4953.36,5217.36,6,1084.56,4,-153.43,0.9494,0.219,-0.0533,0
26,0,970.31,804.07,2,550.3,5,137.08,1.2067,0.5671,0.1713,0
22,0,1217.39,753.47,5,1561.48,4,556.02,1.6157,1.2826,0.3811,1
19,0,1377.92,1093.68,2,259.27,4,200.58,1.2599,0.1882,0.2063,1
22,3,537.31,580.33,5,1130.93,3,-90.52,0.9259,2.1048,-0.0801,1
24,0,534.07,643.12,6,538.96,7,131.3,0.8304,1.0092,-0.2042,1
22,0,503.92,303.18,4,502.89,7,29.83,1.6621,0.998,0.3984,1
25,1,3001.38,2237.77,3,1075.95,5,329.66,1.3412,0.3585,0.2544,1
26,3,558.29,598.01,2,201.31,0,-158.06,0.9336,0.3606,-0.0711,1
23,2,3725.31,2974.83,0,0.0,3,715.35,1.2523,0.0,0.2015,1
24,0,548.81,383.72,0,0.0,5,313.15,1.4302,0.0,0.3008,1
23,0,612.28,402.49,5,1411.16,7,94.97,1.5212,2.3048,0.3426,1
22,0,516.23,540.24,4,1474.46,10,250.42,0.9556,2.8562,-0.0465,1
19,1,1809.9,1839.59,1,323.31,4,-18.33,0.9839,0.1786,-0.0164,1
24,1,561.01,673.79,3,1017.24,6,-107.37,0.8326,1.8132,-0.201,1
23,1,6342.4,5203.22,6,848.41,2,681.08,1.2189,0.1338,0.1796,0
18,0,803.79,559.2,4,706.34,6,522.03,1.4374,0.8788,0.3043,1
22,0,1707.56,1979.76,6,1838.86,4,-244.97,0.8625,1.0769,-0.1594,1
19,0,441.68,570.53,0,0.0,5,-326.74,0.7742,0.0,-0.2917,1
22,0,325.62,277.52,0,0.0,1,414.44,1.1733,0.0,0.1477,0
22,0,512.36,617.78,4,1236.15,4,-30.5,0.8294,2.4127,-0.2058,1
21,0,409.84,464.67,4,524.27,1,80.97,0.882,1.2792,-0.1338,1
26,1,1472.36,1822.94,4,604.72,4,-38.07,0.8077,0.4107,-0.2381,1
22,1,4956.8,4446.55,6,2278.29,5,515.65,1.1148,0.4596,0.1029,1
23,1,4918.46,3299.85,0,0.0,1,1494.67,1.4905,0.0,0.3291,0
23,1,1914.74,1307.48,6,1884.35,3,664.83,1.4645,0.9841,0.3172,0
21,1,6057.61,6870.78,0,0.0,3,-512.69,0.8816,0.0,-0.1342,1
22,1,3895.57,4691.56,3,1120.73,5,-648.3,0.8303,0.2877,-0.2043,1
23,0,330.71,304.22,5,1770.37,10,24.33,1.0871,5.3532,0.0801,1
25,1,1121.73,719.81,4,565.92,3,448.04,1.5584,0.5045,0.3583,0
22,0,953.74,616.78,1,359.65,1,239.47,1.5463,0.3771,0.3533,0
23,0,372.11,379.19,4,620.06,7,69.17,0.9813,1.6663,-0.019,1
22,0,743.93,924.73,6,1226.06,8,-55.11,0.8045,1.6481,-0.243,1
26,1,3582.79,3151.81,1,347.93,5,563.82,1.1367,0.0971,0.1203,1
19,1,2169.43,2289.69,6,980.44,5,-16.84,0.9475,0.4519,-0.0554,1
21,3,806.83,790.21,4,607.08,6,314.82,1.021,0.7524,0.0206,0
26,3,418.76,512.07,0,0.0,5,81.28,0.8178,0.0,-0.2228,1
25,2,499.04,590.2,2,799.77,5,-111.08,0.8455,1.6026,-0.1827,1
26,0,1645.91,1217.22,6,575.22,1,494.13,1.3522,0.3495,0.2605,1
23,2,1043.59,1121.11,2,590.74,6,155.14,0.9309,0.5661,-0.0743,1
21,1,449.99,536.95,6,1406.61,4,-221.0,0.838,3.1259,-0.1932,1
23,1,2226.63,2785.9,2,387.43,2,-97.1,0.7992,0.174,-0.2512,1
26,0,947.06,959.32,2,624.9,5,-128.57,0.9872,0.6598,-0.0129,1
23,0,413.19,298.79,5,1220.96,9,224.78,1.3829,2.955,0.2769,1
22,2,6877.47,6813.94,5,1646.17,4,68.42,1.0093,0.2394,0.0092,0
23,0,754.67,804.53,1,310.35,3,-52.04,0.938,0.4112,-0.0661,1
23,0,703.23,556.07,5,1973.96,10,-65.51,1.2646,2.807,0.2093,1
23,0,825.19,1057.15,1,333.8,1,-59.68,0.7806,0.4045,-0.2811,0
23,0,807.47,614.1,6,440.28,0,-17.96,1.3149,0.5453,0.2395,1
25,0,377.26,467.03,0,0.0,4,-291.39,0.8078,0.0,-0.238,1
23,3,998.63,896.4,4,1109.58,3,260.23,1.114,1.1111,0.1024,0
21,1,4372.28,2625.06,1,81.43,3,1628.21,1.6656,0.0186,0.3996,0
21,2,2011.05,1971.44,4,1047.68,3,-66.89,1.0201,0.521,0.0197,1
22,0,734.98,764.23,6,1876.69,4,120.49,0.9617,2.5534,-0.0398,1
23,0,665.43,804.21,4,476.07,7,8.69,0.8274,0.7154,-0.2086,1
18,0,674.86,660.28,3,606.66,3,1.27,1.0221,0.8989,0.0216,0
18,0,310.44,206.72,5,1199.35,9,308.71,1.5017,3.8634,0.3341,1
22,0,649.13,810.61,1,194.6,1,-180.62,0.8008,0.2998,-0.2488,0
22,1,4445.58,4426.68,3,1069.81,6,91.09,1.0043,0.2406,0.0043,1
23,3,760.44,600.8,6,654.7,7,-40.49,1.2657,0.8609,0.2099,1
19,0,1243.26,1528.22,2,640.09,0,-476.09,0.8135,0.5148,-0.2292,0
21,0,629.43,430.93,0,0.0,4,343.35,1.4606,0.0,0.3154,0
22,0,744.78,497.69,3,620.43,5,283.6,1.4965,0.833,0.3318,1
26,0,1765.27,1720.27,3,716.45,1,15.92,1.0262,0.4059,0.0255,1
25,0,972.53,1008.92,5,518.73,5,254.55,0.9639,0.5334,-0.0374,0
22,0,793.1,759.53,5,591.53,6,309.04,1.0442,0.7458,0.0423,0
23,0,300.89,376.2,2,472.17,7,6.0,0.7998,1.5692,-0.2503,1
18,0,316.27,247.95,5,643.19,7,-152.84,1.2755,2.0337,0.216,1
23,1,4900.79,6337.53,1,332.26,4,-1293.99,0.7733,0.0678,-0.2932,1
21,0,588.44,361.03,1,265.68,5,56.8,1.6299,0.4515,0.3865,1
23,0,2844.92,1943.01,4,279.21,5,980.59,1.4642,0.0981,0.317,0
21,0,420.94,307.28,4,701.03,6,-47.45,1.3699,1.6654,0.27,1
26,0,309.67,203.05,5,1752.25,10,-99.28,1.5251,5.6584,0.3443,1
23,0,571.27,518.0,4,588.42,1,-297.86,1.1028,1.03,0.0932,0
23,1,3245.82,3913.68,0,0.0,4,-521.64,0.8294,0.0,-0.2058,1
22,2,3211.6,3772.13,4,331.32,1,-854.35,0.8514,0.1032,-0.1745,1
26,1,1233.77,1383.46,3,1127.06,3,-156.79,0.8918,0.9135,-0.1213,0
21,0,638.37,386.33,1,207.27,5,366.78,1.6524,0.3247,0.3948,0
23,0,868.16,1047.0,2,444.1,0,-296.27,0.8292,0.5115,-0.206,0
21,0,349.16,306.41,5,1247.2,10,-127.36,1.1395,3.572,0.1224,1
21,0,1650.73,1835.85,1,177.2,1,-197.17,0.8992,0.1073,-0.1121,0
25,1,946.08,1049.05,3,911.55,6,-221.07,0.9018,0.9635,-0.1088,1
21,0,577.07,417.95,0,0.0,5,193.04,1.3807,0.0,0.2757,0
21,0,971.11,933.02,5,533.86,0,-124.04,1.0408,0.5497,0.0392,0
18,0,454.26,567.06,1,116.09,1,-122.17,0.8011,0.2556,-0.2483,0
23,0,4486.92,3518.35,6,1634.21,5,654.2,1.2753,0.3642,0.2159,0
24,2,2410.1,2652.36,6,2170.26,3,-172.23,0.9087,0.9005,-0.1005,1
23,0,934.17,1186.99,5,361.37,3,-20.16,0.787,0.3868,-0.2706,0
22,0,517.58,441.21,2,696.72,2,92.43,1.1731,1.3461,0.1476,0
25,0,859.31,748.75,5,1684.15,6,172.76,1.1477,1.9599,0.1287,1
25,1,7006.34,6423.37,0,0.0,0,368.41,1.0908,0.0,0.0832,0
22,0,821.15,957.73,2,200.26,1,-110.02,0.8574,0.2439,-0.1663,1
23,1,689.36,625.59,0,0.0,3,13.23,1.1019,0.0,0.0925,0
21,0,422.34,397.16,0,0.0,5,23.88,1.0634,0.0,0.0596,1
21,0,1253.2,946.95,2,630.8,3,386.2,1.3234,0.5034,0.2444,0
21,1,5188.75,6703.04,4,905.7,6,-1259.49,0.7741,0.1746,-0.2918,1
22,0,660.29,808.62,6,1162.61,5,-179.01,0.8166,1.7608,-0.2246,1
24,0,457.6,466.83,0,0.0,1,-81.91,0.9802,0.0,-0.0202,0
24,0,392.47,499.38,2,305.03,2,-191.72,0.7859,0.7772,-0.2724,1
24,0,969.12,1047.52,4,1420.14,7,-52.57,0.9252,1.4654,-0.0809,1
25,0,758.41,964.22,1,278.89,3,-208.88,0.7866,0.3677,-0.2714,1
23,1,3665.45,2613.74,5,856.38,4,1092.38,1.4024,0.2336,0.2869,1
26,0,2256.7,1710.17,3,716.87,2,958.54,1.3196,0.3177,0.2422,1
25,0,879.8,1073.03,3,422.42,1,-241.72,0.8199,0.4801,-0.2196,0
21,0,413.58,369.7,0,0.0,4,87.81,1.1187,0.0,0.1061,1
21,1,647.37,556.62,1,202.46,2,236.35,1.163,0.3127,0.1402,0
22,0,766.32,864.44,6,2183.23,10,-143.26,0.8865,2.849,-0.128,1
22,0,372.27,387.62,6,2353.84,10,-162.11,0.9604,6.3229,-0.0412,1
22,1,404.82,340.39,3,712.58,7,329.91,1.1893,1.7602,0.1592,1
22,0,4310.5,3786.78,4,1221.99,1,554.88,1.1383,0.2835,0.1215,0
23,3,907.23,803.69,3,750.86,1,150.36,1.1288,0.8276,0.1141,1
23,0,761.63,524.33,3,246.15,0,402.22,1.4526,0.3232,0.3116,0
21,0,325.31,247.46,4,1533.39,10,186.56,1.3146,4.7136,0.2393,1
26,0,978.33,955.12,3,629.47,6,11.94,1.0243,0.6434,0.0237,1
25,1,2730.45,3132.59,0,0.0,4,-430.04,0.8716,0.0,-0.1473,1
23,0,2218.09,1981.49,0,0.0,4,133.0,1.1194,0.0,0.1067,0
19,0,981.5,852.28,5,434.08,1,280.09,1.1516,0.4423,0.1317,0
23,0,838.95,885.4,5,979.84,6,51.99,0.9475,1.1679,-0.0554,1
25,1,4811.69,3416.67,1,118.55,3,1399.71,1.4083,0.0246,0.2899,0
26,1,4981.93,4316.97,0,0.0,4,927.16,1.154,0.0,0.1335,0
21,0,755.56,563.42,1,300.28,0,145.76,1.341,0.3974,0.2543,0
24,3,498.9,526.91,4,242.03,3,125.62,0.9468,0.4851,-0.0561,0
19,3,528.49,358.66,4,1552.6,8,173.92,1.4735,2.9378,0.3213,1
22,0,962.14,878.89,1,207.47,5,355.02,1.0947,0.2156,0.0865,1
25,0,901.58,917.2,1,221.42,1,98.57,0.983,0.2456,-0.0173,0
21,0,551.28,652.48,1,154.8,0,-96.76,0.8449,0.2808,-0.1836,0
21,0,560.91,621.03,3,239.9,5,-73.41,0.9032,0.4277,-0.1072,1
23,0,508.09,640.2,1,255.88,2,-95.02,0.7936,0.5036,-0.26,1
23,0,2468.19,2655.56,3,511.99,3,-249.38,0.9294,0.2074,-0.0759,0
26,3,901.61,761.35,0,0.0,4,-80.96,1.1842,0.0,0.1556,1
25,0,307.34,234.26,6,1467.12,10,98.01,1.312,4.7736,0.2378,1
18,1,3125.97,1999.39,6,755.51,6,890.3,1.5635,0.2417,0.3604,1
22,0,959.04,761.78,2,423.16,5,66.43,1.2589,0.4412,0.2057,1
24,0,679.3,472.65,5,789.11,3,140.24,1.4372,1.1617,0.3042,1
22,1,1143.95,982.03,3,401.71,1,167.33,1.1649,0.3512,0.1415,0
26,0,518.35,565.94,0,0.0,6,-51.23,0.9159,0.0,-0.0918,1
22,0,351.66,381.35,1,54.17,4,237.65,0.9221,0.154,-0.0844,0
19,0,456.92,375.92,0,0.0,5,163.5,1.2155,0.0,0.1773,1
26,1,3799.74,3632.5,4,943.52,3,453.07,1.046,0.2483,0.044,0
22,0,388.56,292.1,5,1083.26,7,31.97,1.3302,2.7879,0.2482,1
21,0,2994.53,2851.04,4,1516.23,1,247.04,1.0503,0.5063,0.0479,0
23,0,511.12,489.17,0,0.0,3,-37.14,1.0449,0.0,0.0429,0
23,0,307.7,249.52,1,313.06,4,-30.73,1.2332,1.0174,0.1891,1
21,0,964.15,753.61,3,689.78,1,548.15,1.2794,0.7154,0.2184,0
21,0,386.55,496.99,1,200.12,4,-194.07,0.7778,0.5177,-0.2857,1
24,0,567.82,554.18,0,0.0,4,-324.35,1.0246,0.0,0.024,1
25,0,914.79,908.8,2,675.17,6,-101.08,1.0066,0.7381,0.0065,1
23,1,4914.15,2975.3,4,803.0,0,1434.43,1.6516,0.1634,0.3945,0
18,1,4694.14,3413.99,0,0.0,1,811.75,1.375,0.0,0.2727,0
23,0,890.5,756.6,6,1573.93,5,12.77,1.177,1.7675,0.1504,1
24,0,689.32,879.7,3,941.84,8,-179.59,0.7836,1.3663,-0.2762,1
22,0,447.03,323.05,1,233.07,1,-174.42,1.3838,0.5214,0.2773,1
22,3,814.12,661.31,0,0.0,6,343.87,1.2311,0.0,0.1877,1
23,0,776.26,1003.79,6,2235.46,10,-487.28,0.7733,2.8798,-0.2931,1
18,0,553.17,518.2,4,357.99,0,17.25,1.0675,0.6472,0.0632,0
21,0,332.36,273.49,6,2336.1,10,9.93,1.2153,7.0288,0.1771,1
21,0,305.5,318.96,5,1024.33,6,112.44,0.9578,3.353,-0.0441,1
24,0,876.95,830.83,6,2287.91,6,97.14,1.0555,2.6089,0.0526,1
24,0,524.77,666.57,6,2220.76,10,24.73,0.7873,4.2319,-0.2702,1
26,1,1304.22,858.49,5,960.97,3,394.01,1.5192,0.7368,0.3418,1
21,0,662.47,764.08,5,1650.04,7,-169.67,0.867,2.4907,-0.1534,1
21,1,1114.12,886.13,5,407.1,0,241.75,1.2573,0.3654,0.2046,1
26,1,305.93,356.31,1,78.96,3,102.37,0.8586,0.2581,-0.1647,0
25,0,339.24,404.85,4,698.34,5,67.61,0.8379,2.0585,-0.1934,1
21,2,4295.99,5131.37,6,1580.55,6,-745.03,0.8372,0.3679,-0.1945,1
26,1,772.5,932.17,6,319.57,5,-120.15,0.8287,0.4137,-0.2067,1
22,1,1074.1,1184.4,0,0.0,1,-105.39,0.9069,0.0,-0.1027,0
24,1,2794.5,1955.26,0,0.0,4,704.54,1.4292,0.0,0.3003,1
18,0,330.82,210.51,1,350.46,3,423.02,1.5715,1.0594,0.3637,1
23,0,2048.77,1717.97,5,656.82,3,227.89,1.1926,0.3206,0.1615,0
22,0,545.59,516.43,2,469.65,4,-31.17,1.0565,0.8608,0.0534,1
19,0,1208.62,981.2,4,439.97,5,104.57,1.2318,0.364,0.1882,1
19,0,640.89,717.51,0,0.0,2,-14.23,0.8932,0.0,-0.1196,0
18,0,852.61,942.74,0,0.0,0,-385.59,0.9044,0.0,-0.1057,0
21,0,522.2,668.6,5,1996.11,6,-142.96,0.781,3.8225,-0.2804,1
24,2,820.39,722.27,2,269.79,5,235.69,1.1358,0.3289,0.1196,0
18,1,1046.02,1202.93,0,0.0,2,-217.21,0.8696,0.0,-0.15,0
23,0,691.95,774.18,1,184.35,0,-58.98,0.8938,0.2664,-0.1188,0
25,0,562.19,726.42,2,412.1,3,169.07,0.7739,0.733,-0.2921,0
23,0,676.91,772.71,2,162.47,6,-24.17,0.876,0.24,-0.1415,1
22,2,375.32,299.69,6,610.19,8,-259.98,1.2524,1.6258,0.2015,1
26,1,3733.63,2280.09,1,198.69,6,1011.5,1.6375,0.0532,0.3893,1
26,0,933.44,1192.67,4,529.59,4,-319.32,0.7826,0.5674,-0.2777,1
23,0,2987.03,3289.46,1,345.73,5,-363.99,0.9081,0.1157,-0.1012,0
26,0,924.06,1080.06,3,939.12,6,-144.99,0.8556,1.0163,-0.1688,0
18,1,2224.83,2570.28,2,475.44,0,-354.24,0.8656,0.2137,-0.1553,0
23,3,2037.16,2271.5,2,402.84,2,-68.07,0.8968,0.1977,-0.115,0
23,0,522.22,588.04,4,1363.38,6,-214.59,0.8881,2.6107,-0.126,1
23,0,920.28,1150.92,4,432.39,3,-251.03,0.7996,0.4698,-0.2506,1
25,0,432.42,536.15,0,0.0,5,-44.72,0.8065,0.0,-0.2399,1
21,0,453.74,392.69,1,67.18,6,113.58,1.1555,0.1481,0.1345,1
26,3,780.01,484.91,1,373.19,3,256.41,1.6086,0.4784,0.3783,0
23,1,1878.93,1178.23,6,591.5,0,248.64,1.5947,0.3148,0.3729,0
23,0,811.92,741.0,2,668.47,3,80.75,1.0957,0.8233,0.0873,0
22,0,487.42,577.34,4,225.26,1,-102.76,0.8443,0.4621,-0.1845,0
21,0,761.99,909.3,3,1005.83,4,-19.4,0.838,1.32,-0.1933,1
26,0,910.25,803.82,2,508.85,1,212.24,1.1324,0.559,0.1169,0
19,0,726.12,588.98,0,0.0,0,139.28,1.2328,0.0,0.1889,0
19,1,2859.91,2730.13,3,962.92,1,177.97,1.0475,0.3367,0.0454,0
21,1,334.37,395.49,6,513.27,5,149.72,0.8455,1.535,-0.1828,1
21,0,331.19,346.27,6,1433.8,6,158.38,0.9565,4.3292,-0.0455,1
26,1,3311.15,2310.73,2,332.4,0,828.26,1.4329,0.1004,0.3021,0
22,1,1025.94,875.71,3,947.13,2,452.4,1.1716,0.9232,0.1464,0
24,0,543.4,537.31,2,697.26,5,-87.98,1.0113,1.2831,0.0112,1
21,1,1295.58,1265.5,6,1274.98,5,-145.62,1.0238,0.9841,0.0232,1
21,0,453.3,535.55,3,945.84,5,-90.08,0.8464,2.0866,-0.1814,1
22,1,3117.06,3904.18,6,2224.91,5,-827.48,0.7984,0.7138,-0.2525,1
23,0,383.05,256.77,5,1456.1,6,-277.42,1.4918,3.8013,0.3297,1
26,0,513.07,388.44,2,325.39,5,11.45,1.3208,0.6342,0.2429,1
25,0,1765.4,1543.86,3,636.48,0,223.72,1.1435,0.3605,0.1255,0
24,0,1498.55,1210.05,3,391.5,0,273.75,1.2384,0.2613,0.1925,0
23,0,943.75,835.98,1,210.44,6,-34.07,1.1289,0.223,0.1142,1
21,1,1292.96,812.63,5,680.31,3,530.4,1.5911,0.5262,0.3715,0
23,0,777.05,502.14,3,997.61,4,232.29,1.5475,1.2838,0.3538,1
21,0,739.58,877.77,1,263.47,2,7.61,0.8426,0.3562,-0.1868,0
22,3,865.54,581.48,3,814.91,5,198.46,1.4885,0.9415,0.3282,1
23,0,755.32,888.9,5,442.96,5,26.76,0.8497,0.5865,-0.1769,1
21,0,4830.5,3934.72,2,101.02,5,472.05,1.2277,0.0209,0.1854,0
25,0,594.45,485.34,4,1304.86,4,24.79,1.2248,2.1951,0.1835,1
21,0,641.6,430.21,6,1438.84,7,484.78,1.4914,2.2426,0.3295,1
19,0,790.46,481.61,2,752.09,6,95.66,1.6413,0.9515,0.3907,1
18,1,2266.45,1923.54,6,1428.2,2,197.28,1.1783,0.6301,0.1513,1
23,0,657.57,779.06,2,250.27,2,-284.54,0.8441,0.3806,-0.1848,0
21,0,443.69,551.94,3,883.4,6,-224.03,0.8039,1.991,-0.244,1
22,0,480.42,308.96,5,1476.72,8,162.91,1.555,3.0738,0.3569,1
23,1,5000.15,3108.27,0,0.0,1,1877.81,1.6087,0.0,0.3784,0
26,0,306.49,217.96,4,1171.11,10,76.1,1.4062,3.821,0.2889,1
24,1,6507.63,7395.29,3,373.15,3,-999.89,0.88,0.0573,-0.1364,1
22,0,301.94,224.47,4,556.33,5,-111.42,1.3451,1.8425,0.2566,1
21,0,694.95,529.25,6,365.97,1,52.16,1.3131,0.5266,0.2384,0
21,0,792.12,968.18,3,808.74,5,-389.41,0.8182,1.021,-0.2223,1
21,0,692.94,840.17,6,1836.63,9,-10.43,0.8248,2.6505,-0.2125,1
22,0,784.77,839.08,3,392.02,5,76.07,0.9353,0.4995,-0.0692,0
21,1,1686.77,1205.72,1,327.39,3,427.65,1.399,0.1941,0.2852,1
21,0,341.55,296.06,4,1266.84,9,101.55,1.1537,3.7091,0.1332,1
18,0,788.23,603.25,1,193.42,1,270.72,1.3066,0.2454,0.2347,1
18,0,861.23,921.77,6,443.27,0,-36.21,0.9343,0.5147,-0.0703,0
22,0,801.67,918.68,1,148.06,4,121.03,0.8726,0.1847,-0.146,0
25,0,763.45,534.03,3,323.7,1,28.2,1.4296,0.424,0.3005,0
21,0,2444.7,3003.48,5,1927.93,1,-563.03,0.814,0.7886,-0.2286,1
22,0,816.97,754.86,0,0.0,5,-7.06,1.0823,0.0,0.076,0
26,0,806.34,932.54,3,232.3,3,-2.6,0.8647,0.2881,-0.1565,0
21,0,815.87,519.01,3,689.13,6,86.69,1.572,0.8447,0.3639,1
23,0,351.74,299.83,2,286.82,7,253.86,1.1731,0.8154,0.1476,1
26,0,2750.85,1678.97,4,244.97,0,1262.06,1.6384,0.0891,0.3897,0
18,0,552.42,609.29,2,325.61,5,210.98,0.9067,0.5894,-0.1029,1
22,2,668.79,438.47,2,189.31,2,198.98,1.5253,0.2831,0.3444,0
23,0,833.07,697.11,1,127.96,4,48.0,1.195,0.1536,0.1632,0
22,1,4590.54,5266.38,4,657.16,0,-502.98,0.8717,0.1432,-0.1472,1
22,0,492.31,553.49,6,1158.67,6,101.77,0.8895,2.3535,-0.1243,1
22,0,2833.78,2970.38,1,213.95,4,-223.05,0.954,0.0755,-0.0482,1
19,0,474.29,514.99,2,464.14,4,-344.05,0.921,0.9786,-0.0858,1
23,0,2365.58,2497.73,1,179.5,3,-411.98,0.9471,0.0759,-0.0559,1
21,1,1492.47,1565.44,1,224.42,0,-26.54,0.9534,0.1504,-0.0489,0
21,1,4269.43,3606.64,6,1177.5,0,916.74,1.1838,0.2758,0.1552,0
23,0,580.35,359.65,4,1550.21,8,-27.47,1.6137,2.6712,0.3803,1
24,1,509.36,463.15,6,442.05,3,1.28,1.0998,0.8679,0.0907,1
22,0,1446.38,913.85,4,1020.33,5,416.4,1.5827,0.7054,0.3682,1
21,0,4638.46,4305.45,4,471.11,2,564.46,1.0773,0.1016,0.0718,0
19,1,2644.51,2445.79,5,907.02,0,550.91,1.0812,0.343,0.0751,0
23,0,2719.8,1972.14,4,965.05,4,836.0,1.3791,0.3548,0.2749,0
22,0,849.1,975.6,5,1579.67,2,0.25,0.8703,1.8604,-0.149,1
21,2,333.11,364.07,2,784.41,8,100.99,0.915,2.3548,-0.0929,1
23,3,571.88,567.12,0,0.0,0,-188.0,1.0084,0.0,0.0083,0
25,1,2056.44,2566.72,3,419.83,6,-406.89,0.8012,0.2042,-0.2481,0
24,0,950.52,761.4,0,0.0,1,-12.34,1.2484,0.0,0.199,0
18,1,1171.67,917.91,0,0.0,6,238.49,1.2765,0.0,0.2166,1
18,0,986.53,718.59,0,0.0,0,361.6,1.3729,0.0,0.2716,0
19,0,936.2,918.51,0,0.0,3,30.31,1.0193,0.0,0.0189,0
23,0,520.75,387.31,4,765.32,4,296.36,1.3445,1.4696,0.2562,1
18,2,1105.51,1335.71,4,979.77,2,25.6,0.8277,0.8863,-0.2082,1
24,2,514.28,418.12,6,551.06,4,-190.57,1.23,1.0715,0.187,1
25,1,3004.92,2835.6,2,139.18,1,-177.49,1.0597,0.0463,0.0563,0
24,0,587.12,569.89,2,790.4,5,188.44,1.0302,1.3462,0.0293,1
21,0,562.75,458.84,3,337.84,2,289.15,1.2265,0.6003,0.1846,0
24,0,938.93,1048.69,5,837.21,2,-46.81,0.8953,0.8917,-0.1169,0
19,2,884.88,959.61,6,1359.84,7,-5.95,0.9221,1.5368,-0.0845,1
21,0,975.52,1104.84,5,905.33,4,29.96,0.883,0.928,-0.1326,1
23,0,346.48,354.85,3,252.21,6,124.88,0.9764,0.7279,-0.0242,1
25,1,3154.05,2908.44,6,713.52,5,151.82,1.0844,0.2262,0.0779,1
22,0,510.3,466.54,1,222.71,1,189.06,1.0938,0.4364,0.0858,0
24,1,5838.39,6431.42,3,610.74,2,-636.82,0.9078,0.1046,-0.1016,0
23,0,2014.49,1740.37,1,329.37,6,328.66,1.1575,0.1635,0.1361,1
24,1,503.74,456.43,1,159.13,2,70.79,1.1037,0.3159,0.0939,0
22,0,852.52,609.19,2,758.22,1,64.81,1.3994,0.8894,0.2854,0
22,0,456.05,490.59,5,744.92,5,-135.99,0.9296,1.6334,-0.0757,1
26,0,786.87,514.49,2,331.91,6,579.73,1.5294,0.4218,0.3462,1
21,0,895.39,1158.06,5,1911.3,4,-321.83,0.7732,2.1346,-0.2934,1
22,0,1557.18,1090.99,4,1376.68,5,382.62,1.4273,0.8841,0.2994,1
23,0,547.56,475.33,4,643.76,3,155.0,1.152,1.1757,0.1319,1
19,0,431.34,330.6,1,188.35,2,69.03,1.3047,0.4367,0.2336,0
21,1,1891.01,1519.35,6,2068.75,4,444.1,1.2446,1.094,0.1965,1
21,0,820.18,677.24,1,80.13,1,182.2,1.2111,0.0977,0.1743,0
19,1,3348.11,3692.42,2,306.27,2,-471.24,0.9068,0.0915,-0.1028,0
26,1,4272.46,3092.08,5,1180.22,1,1087.68,1.3817,0.2762,0.2763,1
22,0,987.7,775.05,4,1360.47,7,127.13,1.2744,1.3774,0.2153,1
22,1,1081.77,725.7,2,495.23,1,562.47,1.4907,0.4578,0.3292,0
21,0,890.08,740.57,1,221.42,5,174.87,1.2019,0.2488,0.168,0
23,0,606.29,763.24,3,1160.22,2,-234.35,0.7944,1.9136,-0.2589,1
21,0,967.85,838.23,3,272.23,2,142.47,1.1546,0.2813,0.1339,0
24,1,439.47,502.81,0,0.0,1,-194.78,0.874,0.0,-0.1441,0
25,0,429.41,396.43,1,94.46,3,71.52,1.0832,0.22,0.0768,1
22,0,922.34,843.68,1,306.49,5,45.9,1.0932,0.3323,0.0853,1
21,3,923.31,1086.53,1,240.08,6,-253.44,0.8498,0.26,-0.1768,1
22,0,648.81,401.47,2,285.25,5,57.67,1.6161,0.4397,0.3812,1
21,2,387.92,467.61,0,0.0,3,303.55,0.8296,0.0,-0.2054,0
23,1,4765.97,4478.32,4,1431.18,3,328.25,1.0642,0.3003,0.0604,0
23,2,3830.71,3239.97,4,861.06,6,422.51,1.1823,0.2248,0.1542,1
21,2,1442.86,1781.62,1,52.3,6,-386.04,0.8099,0.0362,-0.2348,1
22,3,543.01,454.99,6,418.87,6,134.95,1.1935,0.7714,0.1621,1
21,0,342.8,440.29,4,1085.69,5,-194.8,0.7786,3.1671,-0.2844,1
22,1,2527.62,3173.3,2,574.55,1,-732.0,0.7965,0.2273,-0.2554,1
18,1,3272.79,2577.47,1,190.62,1,506.17,1.2698,0.0582,0.2125,0
21,1,596.39,500.03,3,404.92,2,79.69,1.1927,0.679,0.1616,0
22,0,707.59,826.83,6,1803.53,9,-180.04,0.8558,2.5488,-0.1685,1
23,3,990.17,729.68,0,0.0,1,97.94,1.357,0.0,0.2631,0
23,0,471.25,524.2,0,0.0,5,-116.23,0.899,0.0,-0.1124,1
21,0,700.51,483.64,2,386.73,5,156.98,1.4484,0.5521,0.3096,1
25,0,727.06,540.88,6,1432.19,5,77.41,1.3442,1.9698,0.2561,1
21,0,683.83,649.88,1,387.97,2,78.01,1.0522,0.5673,0.0496,0
25,1,4861.28,5454.93,5,1286.39,1,-274.29,0.8912,0.2646,-0.1221,0
24,0,722.9,807.91,4,491.65,5,127.74,0.8948,0.6801,-0.1176,1
22,1,3533.74,3626.49,1,341.27,4,197.74,0.9744,0.0966,-0.0262,0
21,1,4974.41,3932.17,6,912.11,3,855.3,1.2651,0.1834,0.2095,0
18,0,791.54,705.08,1,385.75,3,330.37,1.1226,0.4873,0.1092,1
25,1,7869.39,6077.92,3,491.58,5,1661.19,1.2948,0.0625,0.2277,1
23,0,2827.49,2244.78,4,1473.33,5,743.18,1.2596,0.5211,0.2061,1
26,1,1997.03,1650.06,4,1430.54,6,439.02,1.2103,0.7163,0.1737,1
22,3,700.14,713.58,5,1761.99,4,-62.62,0.9812,2.5166,-0.0192,1
18,0,998.34,744.08,4,255.14,0,351.19,1.3417,0.2556,0.2547,0
18,1,797.92,502.53,4,1389.82,5,353.76,1.5878,1.7418,0.3702,1
22,0,893.16,968.83,1,302.46,2,-345.06,0.9219,0.3386,-0.0847,1
23,0,2686.88,1653.14,2,334.01,2,889.92,1.6253,0.1243,0.3847,1
18,1,4439.25,5680.24,2,443.07,3,-832.23,0.7815,0.0998,-0.2795,1
22,0,981.01,829.15,2,547.94,6,160.25,1.1832,0.5585,0.1548,1
24,0,591.75,357.78,0,0.0,5,239.0,1.6539,0.0,0.3954,1
21,0,864.3,1053.76,0,0.0,4,-252.97,0.8202,0.0,-0.2192,1
21,0,667.67,680.93,3,599.93,5,27.55,0.9805,0.8985,-0.0199,1
19,1,456.55,535.16,5,1379.49,6,-72.7,0.8531,3.0216,-0.1722,1
26,0,1725.26,1560.53,6,690.33,3,142.19,1.1056,0.4001,0.0955,0
22,0,452.43,383.63,6,1190.28,6,-43.77,1.1793,2.6309,0.1521,1
25,0,302.12,319.83,3,980.87,9,122.22,0.9446,3.2466,-0.0586,1
21,1,3628.12,3207.99,6,1573.84,6,473.21,1.131,0.4338,0.1158,1
23,0,435.01,430.38,3,972.41,6,40.48,1.0108,2.2354,0.0106,1
22,0,559.27,444.33,3,685.31,6,420.96,1.2587,1.2254,0.2055,1
21,0,921.13,767.16,1,183.05,0,229.5,1.2007,0.1987,0.1672,0
24,0,571.11,375.52,4,1239.56,5,345.17,1.5209,2.1704,0.3425,1
22,3,890.79,1021.7,2,165.63,6,-75.72,0.8719,0.1859,-0.147,1
22,0,688.37,581.12,3,1177.54,6,35.92,1.1846,1.7106,0.1558,1
26,0,305.32,391.57,6,2291.58,10,-233.84,0.7797,7.5055,-0.2825,1
26,1,431.93,337.7,3,1074.39,4,124.06,1.279,2.4874,0.2182,1
25,0,950.96,886.81,2,718.99,6,-345.65,1.0723,0.7561,0.0675,1
23,0,722.32,587.88,4,915.48,7,159.94,1.2287,1.2674,0.1861,1
22,0,949.75,1031.19,5,1121.41,3,-25.86,0.921,1.1807,-0.0857,0
26,0,516.77,602.48,4,1348.12,8,-93.47,0.8577,2.6087,-0.1659,1
22,1,3854.64,3626.86,0,0.0,4,160.5,1.0628,0.0,0.0591,1
18,1,839.65,719.45,1,347.47,2,-77.51,1.1671,0.4138,0.1432,0
24,2,2890.83,3241.56,0,0.0,2,-38.04,0.8918,0.0,-0.1213,0
23,2,1204.29,883.97,6,2146.13,5,263.86,1.3624,1.7821,0.266,1
22,0,965.61,984.56,2,478.76,2,-165.94,0.9808,0.4958,-0.0196,0
26,0,573.72,638.86,3,1035.37,6,16.44,0.898,1.8047,-0.1135,1
21,1,1839.64,1450.54,6,1335.6,2,337.88,1.2682,0.726,0.2115,1
21,3,680.75,720.91,6,1577.71,6,-89.09,0.9443,2.3176,-0.059,1
22,1,694.69,774.34,1,374.38,5,-146.09,0.8971,0.5389,-0.1147,1
23,0,551.21,376.03,6,1178.25,8,169.46,1.4659,2.1376,0.3178,1
19,1,879.1,726.78,5,635.5,2,368.05,1.2096,0.7229,0.1733,1
26,1,3011.48,2663.4,4,327.37,4,382.73,1.1307,0.1087,0.1156,0
24,2,4501.02,5145.43,1,256.49,2,-520.57,0.8748,0.057,-0.1432,0
22,1,4145.63,4134.24,4,1055.52,5,137.49,1.0028,0.2546,0.0027,1
21,0,819.02,749.15,4,1068.99,3,78.82,1.0933,1.3052,0.0853,0
25,0,629.67,518.31,3,189.02,4,166.37,1.2149,0.3002,0.1769,1
19,0,775.52,467.52,4,238.38,3,344.74,1.6588,0.3074,0.3972,0
21,0,639.22,392.58,1,363.4,1,332.55,1.6283,0.5685,0.3858,1
21,2,760.87,584.59,4,1173.7,6,124.85,1.3015,1.5426,0.2317,1
23,0,2842.32,1937.56,1,89.66,4,643.83,1.467,0.0315,0.3183,0
21,0,795.9,544.17,2,152.25,4,407.89,1.4626,0.1913,0.3163,1
21,0,875.49,894.68,3,319.95,5,205.51,0.9786,0.3655,-0.0219,0
23,1,3300.23,3378.84,1,332.42,4,-245.32,0.9767,0.1007,-0.0238,1
21,0,435.1,274.7,6,1818.48,10,199.43,1.5839,4.1795,0.3687,1
19,0,775.07,787.28,6,1641.17,5,-78.44,0.9845,2.1174,-0.0158,1
23,1,2978.11,2090.85,3,822.83,3,1017.22,1.4244,0.2763,0.2979,0
22,0,4552.02,3933.21,3,1051.82,3,607.62,1.1573,0.2311,0.1359,0
23,0,853.72,1103.67,2,333.42,4,246.55,0.7735,0.3905,-0.2928,1
22,0,604.11,583.21,1,162.78,0,-24.2,1.0358,0.2695,0.0346,0
21,0,648.13,404.39,6,1193.4,7,475.15,1.6027,1.8413,0.3761,1
21,1,990.19,835.09,2,792.77,4,380.35,1.1857,0.8006,0.1566,1
19,2,2798.05,2992.87,6,1465.29,3,-118.39,0.9349,0.5237,-0.0696,0
25,0,313.67,237.52,0,0.0,6,85.57,1.3206,0.0,0.2428,1
22,3,377.85,481.8,0,0.0,3,-84.99,0.7842,0.0,-0.2751,0
24,1,1025.3,920.42,3,336.97,3,94.02,1.1139,0.3287,0.1023,0
24,0,807.42,496.37,5,959.45,4,493.89,1.6266,1.1883,0.3852,1
19,0,842.3,824.1,2,548.95,6,-112.49,1.0221,0.6517,0.0216,1
22,0,695.28,746.27,5,1979.03,5,-69.42,0.9317,2.8464,-0.0733,1
26,1,4230.85,3888.97,0,0.0,1,276.29,1.0879,0.0,0.0808,0
22,0,664.7,830.69,5,1041.05,2,-420.66,0.8002,1.5662,-0.2497,0
22,0,310.46,382.29,3,1100.86,10,58.78,0.8121,3.5459,-0.2314,1
23,1,2565.95,1789.17,1,303.94,0,799.83,1.4342,0.1185,0.3027,0
19,1,1844.48,1209.91,4,1059.29,4,423.36,1.5245,0.5743,0.344,1
21,1,315.24,258.06,5,699.94,9,214.84,1.2216,2.2203,0.1814,1
24,1,1646.37,1688.67,6,693.14,4,-283.01,0.975,0.421,-0.0257,1
25,0,833.64,851.24,0,0.0,1,-11.56,0.9793,0.0,-0.0211,0
19,1,1763.46,1393.4,4,557.15,4,375.3,1.2656,0.3159,0.2098,1
23,0,1375.98,1741.67,2,665.93,3,-311.67,0.79,0.484,-0.2658,0
22,0,720.44,587.25,3,906.74,1,114.52,1.2268,1.2586,0.1849,1
25,3,400.08,465.27,3,1026.96,4,-76.3,0.8599,2.5669,-0.1629,1
19,0,435.09,514.44,5,549.39,6,-115.17,0.8458,1.2627,-0.1824,1
25,0,777.56,520.11,2,316.98,3,175.64,1.495,0.4077,0.3311,0
26,1,2037.39,1554.09,1,318.99,3,724.71,1.311,0.1566,0.2372,1
19,0,702.82,527.56,3,321.73,5,72.16,1.3322,0.4578,0.2494,1
19,0,696.9,866.77,4,403.85,3,201.29,0.804,0.5795,-0.2438,1
24,0,752.03,636.05,5,920.35,7,8.2,1.1823,1.2238,0.1542,1
21,1,1752.69,2077.87,0,0.0,0,-266.82,0.8435,0.0,-0.1855,0
22,1,1447.5,1352.85,3,232.85,2,176.13,1.07,0.1609,0.0654,0
25,0,577.16,531.02,0,0.0,1,-5.04,1.0869,0.0,0.0799,0
21,0,3387.93,4175.27,4,1425.84,2,-465.79,0.8114,0.4209,-0.2324,0
22,1,4427.58,4023.04,4,279.15,6,453.92,1.1006,0.063,0.0914,1
23,0,948.27,1063.39,5,1240.68,3,-140.18,0.8917,1.3084,-0.1214,1
19,0,406.83,364.95,1,247.05,2,250.44,1.1148,0.6073,0.1029,0
26,0,653.66,438.81,5,1178.97,2,31.78,1.4896,1.8036,0.3287,1
21,0,708.72,451.57,4,907.71,3,185.15,1.5695,1.2808,0.3628,0
22,0,2868.99,2139.6,4,224.13,1,884.74,1.3409,0.0781,0.2542,1
22,1,4762.78,5265.67,4,266.43,1,-300.0,0.9045,0.0559,-0.1056,0
26,3,846.64,729.43,3,686.77,1,131.72,1.1607,0.8112,0.1384,0
19,0,769.62,706.42,0,0.0,4,40.44,1.0895,0.0,0.0821,1
24,1,3757.01,2522.13,5,963.96,4,1273.06,1.4896,0.2566,0.3287,0
21,0,486.62,504.2,2,430.63,6,157.03,0.9651,0.8849,-0.0361,1
26,0,654.23,760.49,0,0.0,0,-46.7,0.8603,0.0,-0.1624,0
24,1,2561.69,2657.19,4,1290.76,6,-223.51,0.9641,0.5039,-0.0373,1
26,0,390.83,503.87,6,1917.23,10,-255.22,0.7757,4.9055,-0.2892,1
24,2,662.26,404.93,4,906.63,5,416.07,1.6355,1.369,0.3886,1
18,0,516.46,315.54,1,364.27,7,62.06,1.6367,0.7053,0.389,1
25,0,975.0,926.25,5,1267.06,2,79.69,1.0526,1.2995,0.05,0
23,0,2822.02,2219.48,5,1399.22,3,856.96,1.2715,0.4958,0.2135,1
22,0,358.41,387.28,2,651.29,2,53.23,0.9255,1.8172,-0.0806,1
24,2,312.47,360.98,3,576.91,5,-156.83,0.8656,1.8463,-0.1552,1
25,1,806.96,542.04,5,1918.22,4,124.47,1.4887,2.3771,0.3283,1
23,0,419.88,521.55,1,395.8,2,187.45,0.8051,0.9427,-0.2421,1
23,0,431.28,267.8,2,511.0,5,17.86,1.6105,1.1848,0.3791,1
21,1,3810.43,4122.44,3,383.16,0,-331.2,0.9243,0.1006,-0.0819,0
23,1,6444.26,5601.03,0,0.0,6,655.36,1.1505,0.0,0.1308,1
23,0,730.99,780.12,1,162.75,1,-75.65,0.937,0.2226,-0.0672,0
23,0,639.5,427.41,4,1007.94,2,251.86,1.4962,1.5761,0.3316,1
19,0,377.9,474.63,1,80.35,3,-320.21,0.7962,0.2126,-0.256,0
18,0,848.53,1065.91,1,332.59,2,-230.06,0.7961,0.392,-0.2562,1
25,0,2994.58,2885.52,2,771.36,4,190.59,1.0378,0.2576,0.0364,0
23,0,726.97,695.5,0,0.0,4,133.93,1.0452,0.0,0.0433,1
24,0,302.76,316.19,4,1224.24,10,-98.1,0.9575,4.0436,-0.0444,1
23,0,737.85,742.31,1,351.29,4,-157.28,0.994,0.4761,-0.006,1
18,0,1227.09,1203.14,4,353.31,5,50.55,1.0199,0.2879,0.0195,1
23,2,2947.53,2984.18,5,681.89,4,-237.11,0.9877,0.2313,-0.0124,1
22,0,508.11,610.26,3,561.46,1,94.21,0.8326,1.105,-0.201,1
25,0,996.39,1024.04,6,2057.2,6,-5.2,0.973,2.0647,-0.0278,1
23,0,461.36,340.06,1,222.7,4,17.25,1.3567,0.4827,0.2629,1
23,0,938.09,1162.99,6,587.62,1,-360.85,0.8066,0.6264,-0.2397,0
25,1,3742.95,2811.6,2,279.46,6,560.61,1.3313,0.0747,0.2488,1
24,0,594.28,425.27,2,427.16,4,-70.91,1.3974,0.7188,0.2844,1
21,0,512.5,665.19,6,382.45,3,-38.82,0.7705,0.7462,-0.2979,1
19,2,566.34,424.41,3,812.55,4,33.51,1.3344,1.4347,0.2506,1
22,1,1863.93,1248.95,5,294.31,4,551.75,1.4924,0.1579,0.3299,0
19,1,1452.56,1442.98,5,1616.52,5,88.75,1.0066,1.1129,0.0066,1
23,0,680.8,802.69,3,920.54,3,32.68,0.8481,1.3521,-0.179,1
23,0,325.11,208.89,2,705.81,4,142.5,1.5564,2.171,0.3575,1
26,1,2333.69,2200.84,3,315.6,0,296.59,1.0604,0.1352,0.0569,0
22,0,358.58,232.34,2,521.81,5,335.85,1.5433,1.4552,0.3521,1
23,1,332.83,299.57,2,646.72,8,72.09,1.111,1.9431,0.0999,1
23,1,4460.35,3750.14,1,230.51,6,802.9,1.1894,0.0517,0.1592,0
26,0,1557.74,1084.17,6,574.69,3,336.89,1.4368,0.3689,0.304,1
23,0,925.81,1158.85,4,338.5,3,-361.07,0.7989,0.3656,-0.2517,0
26,0,852.27,890.13,5,1310.32,5,152.57,0.9575,1.5374,-0.0444,1
26,0,2413.0,2871.81,4,896.65,1,-282.12,0.8402,0.3716,-0.1901,1
22,1,560.08,691.23,2,750.69,4,-1.68,0.8103,1.3403,-0.2342,1
18,1,845.39,1057.69,2,683.69,7,-237.99,0.7993,0.8087,-0.2511,1
22,0,1456.11,1636.2,6,1819.87,5,64.33,0.8899,1.2498,-0.1237,1
23,1,3533.66,2879.45,0,0.0,1,603.59,1.2272,0.0,0.1851,0
26,0,576.84,680.82,2,586.23,1,-204.57,0.8473,1.0163,-0.1803,0
23,1,1266.66,1221.22,5,411.63,5,-51.88,1.0372,0.325,0.0359,0
24,0,2615.6,2066.74,3,231.44,6,629.22,1.2656,0.0885,0.2098,1
23,1,4219.87,3671.46,4,1342.22,0,324.25,1.1494,0.3181,0.13,0
21,1,4313.57,3497.69,0,0.0,2,521.59,1.2333,0.0,0.1891,1
23,0,792.8,734.4,1,373.5,5,494.19,1.0795,0.4711,0.0737,0
22,0,475.35,545.2,4,365.55,2,65.72,0.8719,0.769,-0.1469,1
22,1,2556.67,2401.75,2,239.15,1,46.63,1.0645,0.0935,0.0606,0
22,0,568.34,447.57,3,961.83,4,-36.54,1.2698,1.6923,0.2125,1
22,1,1233.49,815.56,6,2079.7,4,207.28,1.5124,1.686,0.3388,1
23,3,627.1,751.91,4,1414.07,6,-109.78,0.834,2.2549,-0.199,1
21,1,1426.55,1272.71,4,338.79,6,251.8,1.1209,0.2375,0.1078,1
25,0,464.84,422.7,1,183.63,6,270.97,1.0997,0.395,0.0907,1
23,0,700.71,795.03,4,1104.94,6,-371.39,0.8814,1.5769,-0.1346,1
19,3,836.38,999.31,6,2229.47,3,-341.05,0.837,2.6656,-0.1948,1
21,0,883.63,846.34,4,534.62,1,8.66,1.0441,0.605,0.0422,0
22,0,577.97,602.62,5,1300.6,4,394.56,0.9591,2.2503,-0.0426,1
23,0,346.7,266.06,6,601.39,2,218.28,1.3031,1.7346,0.2326,1
23,1,3900.42,4893.26,6,1869.29,2,-914.34,0.7971,0.4793,-0.2545,1
24,0,603.21,601.73,2,189.27,0,-182.46,1.0025,0.3138,0.0025,0
23,0,437.69,483.09,2,799.99,6,-360.98,0.906,1.8278,-0.1037,0
22,0,926.41,629.91,1,82.29,1,309.79,1.4707,0.0888,0.3201,0
22,1,980.93,1025.9,5,1449.34,7,-60.13,0.9562,1.4775,-0.0458,1
18,0,336.17,288.52,2,643.93,5,2.55,1.1652,1.9155,0.1417,1
22,1,4704.8,4305.1,5,701.48,6,280.55,1.0928,0.1491,0.085,1
21,1,2619.56,2822.61,5,695.95,3,-286.62,0.9281,0.2657,-0.0775,1
21,3,482.74,558.74,4,1034.61,4,-227.45,0.864,2.1432,-0.1574,1
18,2,4353.08,3676.42,0,0.0,6,728.06,1.1841,0.0,0.1554,0
25,0,1361.09,1648.64,4,1208.74,3,-433.52,0.8256,0.8881,-0.2113,0
22,1,348.52,262.54,1,253.1,6,25.48,1.3275,0.7262,0.2467,1
25,0,994.45,988.51,3,333.19,5,0.63,1.006,0.335,0.006,0
21,3,744.82,525.76,1,373.45,6,298.57,1.4167,0.5014,0.2941,1
18,0,477.0,382.78,0,0.0,4,-34.18,1.2461,0.0,0.1975,0
24,1,4409.33,5409.31,4,991.33,3,-845.02,0.8151,0.2248,-0.2268,1
21,1,1975.11,1201.04,3,1116.0,2,694.1,1.6445,0.565,0.3919,1
25,0,2641.91,3278.42,4,1478.16,3,-670.82,0.8058,0.5595,-0.2409,1
23,1,2286.3,1897.36,3,326.3,5,524.8,1.205,0.1427,0.1701,1
23,0,907.3,986.29,2,267.02,3,-209.31,0.9199,0.2943,-0.0871,0
25,0,540.57,359.05,0,0.0,0,251.88,1.5056,0.0,0.3358,0
21,0,1781.85,1868.96,1,168.01,2,65.37,0.9534,0.0943,-0.0489,0
22,0,761.69,941.92,6,1834.85,9,-128.94,0.8087,2.4089,-0.2366,1
21,0,839.08,829.55,5,1164.21,3,-9.83,1.0115,1.3875,0.0114,1
23,2,555.78,474.35,3,429.39,4,401.7,1.1717,0.7726,0.1465,0
24,0,336.51,388.84,0,0.0,5,-45.23,0.8654,0.0,-0.1555,1
23,0,419.56,461.06,6,1751.33,8,-4.13,0.91,4.1742,-0.0989,1
22,1,2771.02,1890.9,5,1624.0,4,706.02,1.4655,0.5861,0.3176,0
24,1,4242.12,4522.06,0,0.0,5,-256.67,0.9381,0.0,-0.066,0
22,0,828.48,882.55,1,86.74,2,106.51,0.9387,0.1047,-0.0653,0
21,2,2408.1,2712.35,1,173.65,6,-364.59,0.8878,0.0721,-0.1263,1
23,0,359.25,295.09,6,1623.99,9,-253.61,1.2174,4.5205,0.1786,1
22,0,2708.33,2385.75,6,1895.65,3,378.53,1.1352,0.6999,0.1191,1
22,0,846.72,1077.05,2,715.76,2,-344.85,0.7861,0.8453,-0.272,1
18,1,684.01,684.98,1,386.68,1,110.3,0.9986,0.5653,-0.0014,1
22,0,847.12,809.81,4,941.11,4,38.94,1.0461,1.111,0.044,1
22,0,413.79,534.12,1,358.07,2,33.09,0.7747,0.8653,-0.2908,0
25,1,7296.5,5550.38,0,0.0,2,1284.3,1.3146,0.0,0.2393,0
25,0,942.5,828.04,1,245.88,4,17.26,1.1382,0.2609,0.1214,0
21,0,419.95,475.35,1,238.78,6,-99.01,0.8835,0.5686,-0.1319,1
19,1,4223.62,4642.48,0,0.0,4,-566.8,0.9098,0.0,-0.0992,0
24,1,756.77,966.16,4,1282.37,5,-39.51,0.7833,1.6945,-0.2767,1
21,0,715.58,757.09,2,299.74,4,-278.55,0.9452,0.4189,-0.058,0
21,0,965.47,790.88,3,1080.15,3,344.16,1.2208,1.1188,0.1808,0
21,3,933.62,820.05,3,1086.07,2,164.22,1.1385,1.1633,0.1216,1
23,0,823.85,546.05,5,1909.42,8,234.52,1.5087,2.3177,0.3372,1
26,0,2876.4,3585.73,5,1050.88,0,-713.73,0.8022,0.3653,-0.2466,0
25,0,635.79,438.74,3,1186.79,8,220.75,1.4491,1.8666,0.3099,1
22,0,926.38,909.7,5,1623.59,5,-47.25,1.0183,1.7526,0.018,1
21,3,603.12,531.33,3,835.85,7,110.77,1.1351,1.3859,0.119,1
21,0,972.54,674.9,0,0.0,0,377.16,1.441,0.0,0.306,0
21,0,756.09,608.72,6,2069.11,7,7.59,1.2421,2.7366,0.1949,1
23,0,376.51,392.89,5,1587.24,8,34.83,0.9583,4.2157,-0.0435,1
21,0,655.98,407.94,2,509.89,3,-149.62,1.608,0.7773,0.3781,0
22,0,786.24,1003.39,2,798.0,4,-525.83,0.7836,1.015,-0.2762,1
19,3,345.69,427.4,6,823.87,7,18.68,0.8088,2.3833,-0.2364,1
23,1,540.91,356.58,2,549.23,7,83.99,1.5169,1.0154,0.3408,1
22,0,1942.67,2346.45,2,324.79,5,-457.71,0.8279,0.1672,-0.2078,1
18,0,409.79,340.13,5,1051.23,4,59.5,1.2048,2.5653,0.17,1
22,0,543.49,351.78,2,337.26,6,92.64,1.545,0.6205,0.3527,1
26,0,782.25,636.97,2,334.19,3,-41.46,1.2281,0.4272,0.1857,0
24,0,2084.01,2430.42,5,909.45,3,-623.82,0.8575,0.4364,-0.1662,0
25,0,662.44,706.22,1,69.84,0,-331.38,0.938,0.1054,-0.0661,1
22,1,968.84,743.09,0,0.0,4,288.93,1.3038,0.0,0.233,0
24,2,946.81,1044.73,2,607.45,6,-145.97,0.9063,0.6416,-0.1034,1
23,0,630.93,691.17,1,158.82,2,99.45,0.9128,0.2517,-0.0955,1
22,2,412.03,461.47,2,114.85,6,-100.21,0.8929,0.2787,-0.12,1
23,0,2091.28,2046.23,0,0.0,0,90.28,1.022,0.0,0.0215,0
22,0,469.95,551.37,4,474.19,7,-86.81,0.8523,1.009,-0.1733,1
23,1,2515.35,2638.49,3,200.62,1,-119.48,0.9533,0.0798,-0.049,0
22,0,710.41,488.61,1,381.15,3,207.87,1.4539,0.5365,0.3122,0
25,0,575.47,671.68,4,995.71,2,-162.56,0.8568,1.7303,-0.1672,1
22,1,3173.82,2623.6,1,187.91,6,362.63,1.2097,0.0592,0.1734,1
23,0,672.43,735.32,0,0.0,3,51.05,0.9145,0.0,-0.0935,0
19,1,2068.23,2218.37,3,268.46,6,78.77,0.9323,0.1298,-0.0726,0
22,0,449.84,375.68,1,295.65,2,315.59,1.1974,0.6572,0.1649,0
22,1,3845.9,2742.81,5,1946.78,0,735.04,1.4022,0.5062,0.2868,0
23,0,321.91,349.75,2,191.46,4,-129.89,0.9204,0.5948,-0.0865,1
22,0,837.67,1000.44,3,310.23,1,-209.25,0.8373,0.3703,-0.1943,0
24,0,942.85,1118.94,2,540.06,4,-208.04,0.8426,0.5728,-0.1868,1
26,1,3062.98,3181.07,3,309.53,0,-117.66,0.9629,0.1011,-0.0386,0
23,0,351.07,266.53,0,0.0,1,-85.77,1.3172,0.0,0.2408,0
21,1,862.46,708.38,6,1708.02,6,-105.93,1.2175,1.9804,0.1787,1
25,0,889.16,1003.19,1,266.53,4,-112.99,0.8863,0.2998,-0.1282,0
25,0,535.04,474.9,2,252.42,1,-474.95,1.1266,0.4718,0.1124,0
21,0,662.5,737.2,5,1690.56,4,-72.52,0.8987,2.5518,-0.1128,1
25,0,865.82,707.04,2,173.68,6,26.39,1.2246,0.2006,0.1834,1
26,2,434.24,262.46,4,665.6,2,286.79,1.6545,1.5328,0.3956,0
26,0,739.65,756.25,0,0.0,1,142.35,0.978,0.0,-0.0224,0
23,1,1391.59,1420.31,2,529.73,6,135.24,0.9798,0.3807,-0.0206,1
18,0,1841.43,1913.78,5,1300.12,4,-122.08,0.9622,0.706,-0.0393,1
18,0,881.18,694.13,1,290.2,0,-14.02,1.2695,0.3293,0.2123,0
22,1,3538.12,4131.64,2,552.52,6,-775.04,0.8563,0.1562,-0.1678,1
22,2,4968.3,4676.3,0,0.0,2,339.18,1.0624,0.0,0.0588,0
23,1,2358.21,2673.44,3,747.21,5,-548.36,0.8821,0.3169,-0.1337,1
23,0,2826.75,2905.24,2,380.9,4,132.51,0.973,0.1347,-0.0278,0
21,1,3481.86,3103.21,6,1908.79,2,366.33,1.122,0.5482,0.1087,0
24,0,580.07,624.0,2,281.47,2,44.09,0.9296,0.4852,-0.0757,1
19,0,2214.61,2220.11,5,1579.29,4,-271.11,0.9975,0.7131,-0.0025,1
21,1,1803.95,1727.28,6,887.97,2,-61.15,1.0444,0.4922,0.0425,0
25,0,840.81,886.21,5,1090.67,2,-321.43,0.9488,1.2972,-0.054,1
24,1,594.34,392.36,5,1543.59,8,349.92,1.5148,2.5971,0.3398,1
24,3,482.74,597.24,4,1078.72,7,-127.23,0.8083,2.2346,-0.2372,1
26,3,360.72,301.04,3,239.97,4,135.08,1.1982,0.6653,0.1654,0
25,1,1320.41,999.93,0,0.0,5,263.5,1.3205,0.0,0.2427,1
21,0,590.28,673.07,0,0.0,3,-13.4,0.877,0.0,-0.1403,0
23,1,2206.76,1681.23,2,797.74,6,353.2,1.3126,0.3615,0.2381,1
21,0,628.07,814.63,4,853.52,8,-172.97,0.771,1.359,-0.297,1
21,0,601.37,537.83,0,0.0,6,41.95,1.1181,0.0,0.1057,0
24,0,778.05,628.38,6,1068.99,2,172.75,1.2382,1.3739,0.1924,0
23,0,725.51,466.83,6,1328.84,2,312.27,1.5541,1.8316,0.3565,1
21,3,979.47,616.34,0,0.0,3,819.99,1.5892,0.0,0.3707,1
21,1,2008.53,1338.88,0,0.0,4,921.33,1.5002,0.0,0.3334,0
22,0,700.89,423.0,5,1192.88,3,-5.24,1.657,1.702,0.3965,1
21,0,344.2,285.33,1,195.64,0,29.04,1.2063,0.5684,0.171,0
19,1,864.73,706.76,1,189.01,0,112.12,1.2235,0.2186,0.1827,0
26,0,730.8,658.5,1,59.91,3,268.08,1.1098,0.082,0.0989,0
22,1,1732.02,1321.61,4,926.43,6,374.64,1.3105,0.5349,0.237,1
25,3,860.76,554.26,0,0.0,3,312.39,1.553,0.0,0.3561,0
23,0,618.05,401.62,1,171.06,5,-188.36,1.5389,0.2768,0.3502,1
22,0,459.22,334.08,2,561.07,1,-130.54,1.3746,1.2218,0.2725,0
22,0,630.28,517.85,4,775.45,2,404.18,1.2171,1.2303,0.1784,0
25,0,349.51,245.91,6,1500.7,10,83.44,1.4213,4.2937,0.2964,1
21,0,927.6,793.64,1,359.76,2,-8.39,1.1688,0.3878,0.1444,0
25,0,810.94,1010.07,1,177.36,0,-117.71,0.8029,0.2187,-0.2456,0
21,0,831.46,651.13,3,567.82,2,-15.38,1.2769,0.6829,0.2169,0
21,0,911.27,654.18,2,706.13,6,228.79,1.393,0.7749,0.2821,1
24,0,4851.76,5168.79,4,701.33,4,-561.32,0.9387,0.1446,-0.0653,1
21,1,4774.89,4505.67,1,203.78,5,94.03,1.0598,0.0427,0.0564,0
21,0,382.93,242.42,4,1321.14,7,52.44,1.5796,3.4501,0.3669,1
24,1,560.98,645.95,6,1542.92,10,81.43,0.8685,2.7504,-0.1515,1
21,0,952.93,1048.93,4,1507.44,8,-34.85,0.9085,1.5819,-0.1007,1
21,0,963.41,1237.12,5,1073.66,3,-166.95,0.7788,1.1144,-0.2841,1
21,0,836.74,1051.63,0,0.0,1,-192.33,0.7957,0.0,-0.2568,1
21,1,442.9,446.87,6,390.15,7,119.58,0.9911,0.8809,-0.009,1
26,0,435.92,470.89,4,476.22,3,-166.42,0.9257,1.0924,-0.0802,1
24,0,914.96,811.25,4,956.0,4,-32.64,1.1278,1.0449,0.1133,0
22,0,399.2,487.79,1,115.49,6,-16.3,0.8184,0.2893,-0.2219,0
26,3,708.31,699.08,3,626.26,2,-32.25,1.0132,0.8842,0.013,1
22,0,564.4,467.26,4,596.64,7,93.33,1.2079,1.0571,0.1721,1
19,0,511.11,310.06,4,229.14,1,128.48,1.6484,0.4483,0.3934,0
23,1,4422.66,4469.16,0,0.0,2,141.42,0.9896,0.0,-0.0105,0
25,0,970.74,939.49,0,0.0,2,226.05,1.0333,0.0,0.0322,0
18,0,843.57,985.55,3,505.15,3,-208.34,0.8559,0.5988,-0.1683,1
23,1,4221.09,3085.21,5,1608.92,1,687.43,1.3682,0.3812,0.2691,0
22,0,608.06,711.91,2,202.24,6,-192.48,0.8541,0.3326,-0.1708,1
24,0,934.46,570.67,4,327.81,4,264.64,1.6375,0.3508,0.3893,1
19,0,704.1,711.93,6,2263.17,8,118.71,0.989,3.2143,-0.0111,1
23,0,647.15,568.07,6,2235.48,10,219.67,1.1392,3.4543,0.1222,1
25,2,777.3,646.76,4,769.16,5,-35.58,1.2018,0.9895,0.1679,1
21,1,2040.05,1842.79,5,984.88,4,94.38,1.107,0.4828,0.0967,0
21,0,1547.87,1170.99,0,0.0,4,189.98,1.3218,0.0,0.2435,0
23,0,897.72,653.9,0,0.0,5,284.56,1.3729,0.0,0.2716,0
22,1,3934.64,4578.25,4,363.96,6,-677.19,0.8594,0.0925,-0.1636,1
21,1,1669.87,1268.15,5,451.03,1,466.03,1.3168,0.2701,0.2406,0
24,0,508.34,567.25,1,95.9,3,26.94,0.8961,0.1887,-0.1159,0
23,2,991.96,1089.12,4,1293.07,2,11.1,0.9108,1.3036,-0.0979,1
22,0,743.46,463.46,2,521.33,2,37.85,1.6042,0.7012,0.3766,1
26,1,744.64,906.04,0,0.0,6,-229.0,0.8219,0.0,-0.2167,1
21,0,350.44,403.9,2,213.45,3,95.61,0.8676,0.6091,-0.1526,0
21,0,977.33,1131.01,3,279.64,4,-193.26,0.8641,0.2861,-0.1572,1
25,1,2573.43,3001.74,5,1547.43,5,-676.04,0.8573,0.6013,-0.1664,1
23,1,2051.25,2067.22,6,2160.31,1,109.31,0.9923,1.0532,-0.0078,1
23,0,516.26,668.75,6,1415.26,7,-213.89,0.772,2.7414,-0.2954,1
25,0,787.94,571.58,0,0.0,1,361.95,1.3785,0.0,0.2746,0
18,1,6086.35,3959.99,6,894.57,2,1937.48,1.537,0.147,0.3494,0
22,0,849.5,928.43,3,764.95,2,-125.03,0.915,0.9005,-0.0929,0
22,0,982.96,792.03,1,203.31,4,388.43,1.2411,0.2068,0.1942,0
21,1,1830.76,1877.93,4,322.77,0,-243.31,0.9749,0.1763,-0.0258,0
22,0,524.54,458.55,0,0.0,3,269.34,1.1439,0.0,0.1258,0
22,0,648.05,540.13,3,1039.13,4,-14.65,1.1998,1.6035,0.1665,0
26,0,870.61,1066.74,5,340.62,6,-171.25,0.8161,0.3912,-0.2253,1
26,2,1385.22,968.87,6,1301.92,6,342.8,1.4297,0.9399,0.3006,1
25,0,461.75,338.13,2,711.28,4,63.71,1.3656,1.5404,0.2677,1
22,1,1267.73,1353.29,1,326.53,2,-206.48,0.9368,0.2576,-0.0675,0
22,3,610.65,700.92,4,890.83,7,-128.88,0.8712,1.4588,-0.1478,1
21,1,7440.28,8798.5,1,109.97,4,-1516.38,0.8456,0.0148,-0.1825,1
21,0,400.43,305.05,6,2081.91,10,377.75,1.3127,5.1992,0.2382,1
26,0,534.65,650.93,2,207.19,0,-167.47,0.8214,0.3875,-0.2175,0
21,0,487.4,500.41,1,146.89,0,162.49,0.974,0.3014,-0.0267,0
23,0,787.81,926.66,1,93.5,4,20.96,0.8502,0.1187,-0.1762,1
26,3,830.77,538.31,2,421.31,3,374.75,1.5433,0.5071,0.352,0
22,1,2895.66,2460.81,5,1351.1,5,336.23,1.1767,0.4666,0.1502,1
19,0,634.14,613.47,6,2036.95,4,49.37,1.0337,3.2121,0.0326,1
22,0,392.29,393.81,5,1057.34,5,84.56,0.9961,2.6953,-0.0039,1
22,2,790.58,529.17,4,1559.01,7,224.34,1.494,1.972,0.3307,1
24,0,4580.07,4475.01,1,258.55,6,-134.92,1.0235,0.0565,0.0229,1
22,1,4024.48,4289.45,6,1569.26,5,-538.91,0.9382,0.3899,-0.0658,1
24,0,455.96,388.99,6,668.1,2,292.44,1.1722,1.4653,0.1469,0
26,1,3964.89,3768.7,4,466.16,0,-183.9,1.0521,0.1176,0.0495,0
25,1,1136.52,914.67,5,1259.1,7,194.18,1.2425,1.1079,0.1952,1
22,0,321.09,388.31,2,604.62,5,-96.84,0.8269,1.883,-0.2093,1
19,0,425.7,433.98,3,364.94,4,17.36,0.9809,0.8573,-0.0195,1
24,1,3433.69,3385.25,5,1097.03,6,-121.26,1.0143,0.3195,0.0141,1
21,0,436.96,551.03,2,349.34,2,-30.08,0.793,0.7995,-0.2611,1
22,0,856.13,912.17,5,1017.84,2,-12.27,0.9386,1.1889,-0.0655,0
26,0,4077.9,3245.5,6,766.47,4,1253.89,1.2565,0.188,0.2041,1
19,0,829.17,869.99,6,595.52,7,-14.87,0.9531,0.7182,-0.0492,1
25,1,963.25,1226.35,2,324.35,2,-53.69,0.7855,0.3367,-0.2731,1
24,0,701.42,432.42,3,1062.36,3,70.94,1.6221,1.5146,0.3835,0
23,0,639.3,663.99,2,663.66,1,131.19,0.9628,1.0381,-0.0386,0
23,2,2310.97,1640.29,3,256.74,0,646.4,1.4089,0.1111,0.2902,0
26,0,367.87,430.97,5,403.66,3,-28.33,0.8536,1.0973,-0.1715,1
21,0,599.32,628.37,2,445.07,4,13.53,0.9538,0.7426,-0.0485,1
22,1,648.68,814.67,1,147.08,3,126.69,0.7962,0.2267,-0.2559,1
26,2,1632.29,1744.44,1,338.2,1,-76.32,0.9357,0.2072,-0.0687,0
25,0,869.14,531.96,5,1100.82,5,187.98,1.6338,1.2666,0.3879,1
22,1,4440.45,4250.61,6,2090.69,6,100.29,1.0447,0.4708,0.0428,1
19,0,787.81,971.03,0,0.0,1,-49.55,0.8113,0.0,-0.2326,0
22,0,670.86,511.61,6,2337.16,9,193.07,1.3113,3.4838,0.2374,1
21,2,3450.49,2270.52,0,0.0,3,980.81,1.5197,0.0,0.342,0
22,2,910.42,1005.03,3,918.47,5,10.89,0.9059,1.0088,-0.1039,1
21,0,635.86,605.18,0,0.0,0,-129.98,1.0507,0.0,0.0482,0
23,0,988.98,626.34,6,1287.64,5,438.33,1.579,1.302,0.3667,1
24,0,911.5,725.5,5,510.56,5,81.55,1.2564,0.5601,0.2041,1
24,0,656.82,544.32,2,447.83,5,38.13,1.2067,0.6818,0.1713,1
22,2,348.43,371.95,4,1341.31,10,-102.3,0.9368,3.8496,-0.0675,1
23,1,456.92,424.99,5,1754.2,10,252.35,1.0751,3.8392,0.0699,1
22,0,842.7,793.01,1,220.99,6,102.49,1.0627,0.2622,0.059,1
23,0,377.7,439.88,4,1225.22,8,136.69,0.8586,3.2439,-0.1646,1
22,0,628.39,499.5,2,272.87,3,555.31,1.258,0.4342,0.2051,1
24,0,722.79,773.96,5,653.46,6,-37.75,0.9339,0.9041,-0.0708,1
26,1,913.96,783.53,3,765.57,5,366.98,1.1665,0.8376,0.1427,1
21,0,892.13,796.55,5,988.06,4,-27.39,1.12,1.1075,0.1071,1
24,0,834.23,825.16,4,425.47,4,196.1,1.011,0.51,0.0109,1
24,1,2437.34,2649.27,4,1265.91,2,-328.87,0.92,0.5194,-0.087,1
22,3,399.43,503.94,0,0.0,4,-87.48,0.7926,0.0,-0.2616,1
21,0,768.08,605.48,5,1160.69,5,241.43,1.2685,1.5112,0.2117,1
23,0,426.72,287.02,1,116.26,0,241.53,1.4867,0.2725,0.3274,0
26,0,692.36,623.23,2,268.8,3,-122.8,1.1109,0.3882,0.0998,1
18,0,985.49,968.44,3,877.34,7,-113.51,1.0176,0.8903,0.0173,1
22,0,684.67,520.08,5,1740.83,5,260.75,1.3165,2.5426,0.2404,1
26,0,751.24,919.03,4,448.1,4,-239.39,0.8174,0.5965,-0.2234,0
22,0,773.63,896.79,1,334.32,2,-298.54,0.8627,0.4321,-0.1592,1
24,0,880.44,832.51,2,651.67,2,32.44,1.0576,0.7402,0.0544,0
21,1,604.05,552.73,1,335.22,2,34.77,1.0928,0.555,0.085,1
25,0,647.76,407.13,4,1014.44,8,194.98,1.591,1.5661,0.3715,1
25,1,3369.83,3288.36,5,865.72,0,154.18,1.0248,0.2569,0.0242,0
21,1,729.66,742.08,4,1279.43,6,57.88,0.9833,1.7535,-0.017,1
25,1,506.73,620.31,5,1089.9,8,-203.44,0.8169,2.1508,-0.2241,1
23,1,654.83,622.59,4,510.61,2,-33.89,1.0518,0.7798,0.0492,0
23,1,835.82,593.57,6,1145.01,7,385.24,1.4081,1.3699,0.2898,1
22,1,1796.71,1304.48,6,1261.21,5,276.21,1.3773,0.702,0.274,1
24,0,694.18,494.19,1,226.87,2,91.52,1.4047,0.3268,0.2881,0
19,0,421.24,529.49,2,728.29,3,-336.84,0.7956,1.7289,-0.257,1
22,0,495.29,572.24,0,0.0,6,-83.07,0.8655,0.0,-0.1554,0
23,0,324.26,381.76,1,149.68,1,-2.04,0.8494,0.4616,-0.1773,0
21,0,418.45,497.25,3,1160.47,10,-364.6,0.8415,2.7733,-0.1883,1
23,0,989.65,660.04,4,538.73,4,84.12,1.4994,0.5444,0.3331,0
18,0,1250.52,1364.97,6,323.34,5,-330.52,0.9162,0.2586,-0.0915,1
21,0,4063.63,4441.69,4,1389.75,2,-182.95,0.9149,0.342,-0.093,0
26,0,727.69,551.13,6,2304.34,4,-98.77,1.3204,3.1667,0.2426,1
18,1,843.13,795.46,3,866.24,5,36.36,1.0599,1.0274,0.0565,1
23,0,926.69,985.72,6,1156.06,3,64.45,0.9401,1.2475,-0.0637,1
26,1,662.99,814.24,5,1201.57,5,-116.15,0.8142,1.8124,-0.2281,1
18,0,324.66,219.89,3,1023.6,7,45.93,1.4765,3.1528,0.3227,1
25,1,1487.93,1822.02,6,2159.21,4,-299.38,0.8166,1.4512,-0.2245,1
22,1,2719.88,3388.13,6,515.3,5,-476.18,0.8028,0.1895,-0.2457,1
25,0,480.38,598.81,2,707.6,5,-107.19,0.8022,1.473,-0.2465,1
21,3,623.96,376.49,1,266.07,4,-95.28,1.6573,0.4264,0.3966,1
24,0,552.53,416.99,0,0.0,4,303.15,1.325,0.0,0.2453,1
22,0,572.94,620.99,6,527.82,5,15.09,0.9226,0.9212,-0.0839,1
23,1,3696.85,3050.71,3,197.81,2,516.02,1.2118,0.0535,0.1748,0
25,0,564.5,362.84,3,1145.99,8,-83.27,1.5558,2.0301,0.3572,1
21,0,957.82,1086.22,1,199.28,1,-160.44,0.8818,0.2081,-0.1341,0
22,0,851.97,528.23,2,600.93,7,133.77,1.6129,0.7053,0.38,0
19,0,319.33,291.3,2,101.2,5,-159.96,1.0962,0.3169,0.0878,0
24,0,872.17,1101.82,4,1310.44,5,-207.04,0.7916,1.5025,-0.2633,1
21,0,840.23,763.07,1,218.71,1,-12.15,1.1011,0.2603,0.0918,0
21,0,661.03,818.57,5,1866.3,10,-195.34,0.8075,2.8233,-0.2383,1
23,0,647.28,573.69,2,464.63,4,177.69,1.1283,0.7178,0.1137,1
21,0,884.03,744.95,1,326.08,5,146.37,1.1867,0.3689,0.1573,1
22,0,596.92,403.02,0,0.0,0,82.42,1.4811,0.0,0.3248,1
23,1,1680.04,1429.15,0,0.0,2,94.27,1.1756,0.0,0.1493,0
22,0,518.72,433.59,1,381.89,3,3.53,1.1963,0.7362,0.1641,0
22,0,485.38,578.86,5,1117.3,8,-117.73,0.8385,2.3019,-0.1926,1
26,1,3728.48,4638.01,5,1811.68,3,-695.94,0.8039,0.4859,-0.2439,1
24,2,4758.82,2928.34,6,375.76,0,1655.71,1.6251,0.079,0.3846,0
21,0,750.7,502.05,2,560.19,5,440.9,1.4953,0.7462,0.3312,1
23,0,625.71,657.16,4,1476.33,4,56.98,0.9521,2.3594,-0.0503,1
21,1,886.92,833.1,1,364.75,3,-372.3,1.0646,0.4113,0.0607,1
25,2,639.01,516.2,0,0.0,6,120.22,1.2379,0.0,0.1922,1
26,0,949.93,742.78,3,645.7,4,308.56,1.2789,0.6797,0.2181,1
25,0,929.43,703.83,4,1334.72,5,257.93,1.3205,1.4361,0.2427,1
22,0,429.52,415.7,5,836.28,2,-48.78,1.0332,1.947,0.0322,0
23,0,779.63,477.32,0,0.0,3,298.8,1.6333,0.0,0.3878,0
22,2,450.02,502.77,5,688.7,8,-21.79,0.8951,1.5304,-0.1172,1
18,1,3450.58,2795.91,2,152.08,6,673.09,1.2342,0.0441,0.1897,0
18,0,744.37,669.03,1,320.17,6,-151.56,1.1126,0.4301,0.1012,1
19,1,1257.22,1218.17,0,0.0,2,-48.46,1.0321,0.0,0.0311,0
25,1,3152.32,2357.78,1,174.52,0,864.98,1.337,0.0554,0.252,0
18,0,3986.08,4857.4,3,486.96,1,-619.77,0.8206,0.1222,-0.2186,1
18,1,2205.53,2376.38,1,393.15,1,100.99,0.9281,0.1783,-0.0775,0
26,0,856.52,1035.71,2,500.17,0,250.91,0.827,0.584,-0.2092,0
21,0,323.33,301.61,3,1191.51,9,-50.73,1.072,3.6851,0.0672,1
26,0,1539.68,1389.9,0,0.0,3,-55.56,1.1078,0.0,0.0973,0
22,0,595.57,456.21,6,1169.34,7,57.94,1.3055,1.9634,0.234,1
24,3,709.32,696.12,2,248.23,1,178.14,1.019,0.35,0.0186,0
21,0,404.52,410.67,5,1003.14,7,180.79,0.985,2.4798,-0.0152,1
23,0,534.36,477.69,4,286.81,0,380.97,1.1186,0.5367,0.1061,0
23,0,919.03,644.95,5,250.98,5,236.39,1.425,0.2731,0.2982,1
23,0,633.11,500.9,2,417.15,5,188.19,1.2639,0.6589,0.2088,0
22,0,820.16,500.28,1,311.11,1,163.44,1.6394,0.3793,0.39,0
21,1,638.86,526.04,1,202.97,2,-267.59,1.2145,0.3177,0.1766,0
22,0,625.02,629.1,1,231.3,3,-9.99,0.9935,0.3701,-0.0065,1
24,0,734.73,932.37,3,617.9,5,-355.62,0.788,0.841,-0.269,1
23,1,5008.38,3628.71,4,937.53,3,1069.99,1.3802,0.1872,0.2755,1
22,0,474.61,303.19,5,1607.31,5,-160.68,1.5654,3.3866,0.3612,1
22,1,3224.22,2603.29,6,1987.95,2,542.75,1.2385,0.6166,0.1926,0
25,0,907.43,644.06,5,1716.6,5,244.15,1.4089,1.8917,0.2902,1
23,0,815.69,886.54,2,248.7,4,-5.02,0.9201,0.3049,-0.0869,1
22,1,4776.58,2885.17,3,630.74,4,1395.2,1.6556,0.132,0.396,0
26,1,2555.89,3288.43,6,2045.11,5,-299.87,0.7772,0.8002,-0.2866,1
19,1,4115.38,4934.2,4,1518.63,3,-496.72,0.8341,0.369,-0.199,0
24,0,2307.51,2177.07,2,480.09,3,0.95,1.0599,0.2081,0.0565,0
22,0,870.59,1083.59,5,1112.75,3,36.16,0.8034,1.2782,-0.2447,1
23,1,1990.85,2069.77,0,0.0,1,197.49,0.9619,0.0,-0.0396,0
21,0,977.18,1266.07,4,1588.37,4,-311.92,0.7718,1.6255,-0.2956,1
26,1,1387.79,1103.04,6,1194.46,4,274.7,1.2582,0.8607,0.2052,0
22,0,690.85,896.61,3,323.35,0,-172.54,0.7705,0.468,-0.2978,0
23,1,2747.97,1995.5,4,1368.03,1,673.29,1.3771,0.4978,0.2738,0
21,0,514.19,435.72,0,0.0,0,2.34,1.1801,0.0,0.1526,0
22,0,957.15,1200.96,4,403.11,2,15.52,0.797,0.4212,-0.2547,0
21,0,906.93,779.4,2,326.46,3,189.04,1.1636,0.36,0.1406,1
22,0,371.16,277.21,6,1461.77,6,6.34,1.3389,3.9384,0.2531,1
21,1,474.43,304.41,2,612.03,1,25.66,1.5585,1.29,0.3584,0
23,0,715.56,503.95,2,646.45,4,37.05,1.4199,0.9034,0.2957,1
23,0,342.89,291.0,2,209.01,1,12.33,1.1783,0.6096,0.1513,1
23,2,4212.57,3769.67,4,503.45,6,499.23,1.1175,0.1195,0.1051,0
23,1,1431.81,1402.77,6,1862.66,2,-107.75,1.0207,1.3009,0.0203,1
18,0,503.39,588.72,2,181.28,3,63.03,0.8551,0.3601,-0.1695,0
22,3,504.89,307.68,1,224.36,5,236.41,1.641,0.4444,0.3906,1
21,0,2896.41,3443.2,5,1205.49,0,-438.85,0.8412,0.4162,-0.1888,1
18,1,3013.21,3025.49,3,506.32,3,143.34,0.9959,0.168,-0.0041,0
22,0,571.82,645.89,3,986.15,5,66.73,0.8853,1.7246,-0.1295,0
23,0,3534.34,3993.4,6,416.37,3,-609.44,0.885,0.1178,-0.1299,1
21,0,510.8,629.43,3,966.32,8,-283.49,0.8115,1.8918,-0.2322,1
23,0,1531.6,1019.07,4,1104.45,5,494.69,1.5029,0.7211,0.3346,1
25,0,1414.12,1414.21,6,1365.16,3,53.32,0.9999,0.9654,-0.0001,1
23,0,350.08,432.81,1,355.33,3,133.64,0.8089,1.015,-0.2363,0
24,1,4516.46,4983.66,6,724.72,4,-353.73,0.9063,0.1605,-0.1034,1
22,0,807.94,539.39,6,1981.63,5,548.34,1.4979,2.4527,0.3324,1
23,0,485.24,499.69,3,347.16,5,-117.91,0.9711,0.7154,-0.0298,0
23,3,548.18,635.84,2,793.31,4,-154.01,0.8621,1.4472,-0.1599,1
26,1,1385.15,1097.6,1,61.47,0,204.87,1.262,0.0444,0.2076,1
22,2,1555.31,1621.79,0,0.0,3,-171.26,0.959,0.0,-0.0427,0
21,0,428.02,508.61,6,652.84,3,106.91,0.8415,1.5253,-0.1883,1
22,0,600.6,580.6,3,578.37,3,-394.03,1.0344,0.963,0.0333,0
23,0,497.19,365.9,4,407.13,3,20.28,1.3588,0.8189,0.2641,1
19,0,753.66,742.19,1,117.84,0,181.36,1.0155,0.1564,0.0152,0
21,0,782.73,791.81,2,142.69,2,-53.99,0.9885,0.1823,-0.0116,0
22,1,5041.21,4446.33,5,264.01,6,633.28,1.1338,0.0524,0.118,1
26,1,727.23,782.3,4,1207.03,4,270.08,0.9296,1.6598,-0.0757,1
22,1,6954.34,6282.08,1,208.71,5,673.17,1.107,0.03,0.0967,0
21,0,831.51,1009.61,0,0.0,2,-14.86,0.8236,0.0,-0.2142,0
26,1,2031.04,2344.1,5,1893.2,1,36.34,0.8664,0.9321,-0.1541,0
22,0,518.71,603.44,0,0.0,5,-20.17,0.8596,0.0,-0.1633,1
22,3,778.42,753.71,0,0.0,6,15.62,1.0328,0.0,0.0317,0
23,0,530.42,391.15,2,407.09,2,261.22,1.3561,0.7675,0.2626,0
19,0,354.9,392.91,6,1327.46,6,140.54,0.9033,3.7404,-0.1071,1
19,0,541.16,350.8,4,997.9,8,180.87,1.5426,1.844,0.3518,1
22,1,3655.75,3517.94,0,0.0,0,56.93,1.0392,0.0,0.0377,0
24,3,385.27,245.45,6,1538.79,10,380.59,1.5696,3.9941,0.3629,1
22,2,2992.08,2902.0,6,2355.32,2,46.8,1.031,0.7872,0.0301,1
19,1,842.04,909.53,4,1217.53,8,127.59,0.9258,1.4459,-0.0802,1
21,3,744.08,664.79,0,0.0,6,112.43,1.1193,0.0,0.1066,1
23,1,470.72,419.8,0,0.0,1,320.27,1.1213,0.0,0.1082,0
24,0,862.9,591.91,6,1724.74,3,120.29,1.4578,1.9988,0.314,1
21,0,449.9,365.0,5,1541.32,5,-50.87,1.2326,3.4259,0.1887,1
22,0,933.17,850.11,5,1570.81,7,211.24,1.0977,1.6833,0.089,1
21,0,793.95,956.31,3,175.65,2,-332.4,0.8302,0.2212,-0.2045,0
23,0,338.25,415.57,4,378.46,5,-46.82,0.8139,1.1189,-0.2286,1
21,0,858.7,1088.41,1,129.7,4,39.24,0.7889,0.151,-0.2675,0
25,3,2235.22,1498.01,0,0.0,3,253.18,1.4921,0.0,0.3298,0
21,3,616.4,497.65,1,366.88,1,148.83,1.2386,0.5952,0.1927,0
25,0,593.94,548.82,4,1211.64,5,218.08,1.0822,2.04,0.076,1
21,1,724.03,759.67,2,200.3,3,-39.75,0.9531,0.2766,-0.0492,1
24,0,806.48,880.64,4,796.9,1,-214.64,0.9158,0.9881,-0.092,0
25,0,926.29,1065.43,3,405.28,2,-150.59,0.8694,0.4375,-0.1502,1
25,0,490.79,464.83,3,1021.36,7,-98.57,1.0558,2.0811,0.0529,1
21,0,1077.02,1065.83,6,2227.37,5,19.89,1.0105,2.0681,0.0104,1
21,0,1155.53,1470.3,4,430.01,2,-362.33,0.7859,0.3721,-0.2724,1
21,0,771.68,592.67,6,1174.8,7,81.75,1.302,1.5224,0.232,1
23,0,644.61,749.44,6,2300.96,8,-33.34,0.8601,3.5695,-0.1626,1
22,0,573.32,629.66,4,1119.93,7,189.4,0.9105,1.9534,-0.0983,1
26,2,832.9,581.42,6,2123.0,3,232.31,1.4325,2.5489,0.3019,1
26,0,509.71,636.4,1,175.19,6,99.99,0.8009,0.3437,-0.2486,1
22,0,445.43,533.96,3,370.19,6,150.17,0.8342,0.8311,-0.1988,1
21,0,681.53,780.8,0,0.0,5,-193.94,0.8729,0.0,-0.1457,0
26,0,487.06,335.46,0,0.0,4,185.45,1.4519,0.0,0.3113,0
24,0,323.23,225.54,0,0.0,3,34.69,1.4331,0.0,0.3022,0
21,0,336.05,362.34,0,0.0,3,-240.88,0.9274,0.0,-0.0782,1
22,1,1305.45,881.29,2,313.43,4,479.23,1.4813,0.2401,0.3249,1
25,0,980.23,665.89,5,1122.75,4,167.27,1.4721,1.1454,0.3207,1
21,1,2802.22,2466.5,6,1978.31,6,363.06,1.1361,0.706,0.1198,1
21,0,402.8,243.2,6,2263.31,10,-90.13,1.6563,5.6189,0.3962,1
26,0,871.84,963.42,1,173.26,5,-40.38,0.9049,0.1987,-0.105,1
25,0,482.74,472.19,3,979.49,5,-227.49,1.0223,2.029,0.0219,1
26,0,995.94,652.06,3,354.19,3,349.56,1.5274,0.3556,0.3453,0
26,0,693.72,680.2,0,0.0,0,-45.59,1.0199,0.0,0.0195,0
22,0,462.61,295.08,0,0.0,6,97.4,1.5677,0.0,0.3621,1
22,0,646.71,420.03,2,206.92,4,337.5,1.5397,0.32,0.3505,0
23,1,534.43,502.27,5,1544.7,5,-13.87,1.064,2.8904,0.0602,1
21,0,844.85,802.5,2,606.84,1,60.49,1.0528,0.7183,0.0501,1
22,0,373.97,313.12,2,619.61,7,26.83,1.1943,1.6568,0.1627,1
21,1,4528.51,4688.09,6,1024.24,0,-98.04,0.966,0.2262,-0.0352,1
23,0,836.37,728.6,2,617.86,4,269.92,1.1479,0.7387,0.1289,1
24,1,902.09,911.9,4,1357.2,2,117.6,0.9892,1.5045,-0.0109,1
23,2,2837.23,2397.03,6,1028.97,4,406.13,1.1836,0.3627,0.1552,1
21,3,460.61,506.89,0,0.0,1,140.76,0.9087,0.0,-0.1005,0
19,0,664.18,667.83,3,1082.27,4,-140.23,0.9945,1.6295,-0.0055,1
22,0,894.1,636.63,2,534.49,3,89.46,1.4044,0.5978,0.288,1
26,0,563.79,609.11,0,0.0,2,-63.3,0.9256,0.0,-0.0804,0
21,1,342.22,393.13,0,0.0,4,101.27,0.8705,0.0,-0.1488,0
21,1,4991.6,3225.13,4,390.41,3,1375.63,1.5477,0.0782,0.3539,1
26,0,469.1,481.75,4,1334.82,6,121.97,0.9737,2.8455,-0.027,1
21,0,908.17,1047.39,3,665.36,3,-122.39,0.8671,0.7326,-0.1533,1
18,0,624.23,424.64,4,259.53,2,142.15,1.47,0.4158,0.3197,1
23,0,777.8,957.59,5,1952.07,5,30.54,0.8122,2.5097,-0.2312,1
21,0,972.52,865.89,0,0.0,4,-20.93,1.1231,0.0,0.1096,0
23,2,509.13,568.44,0,0.0,5,287.43,0.8957,0.0,-0.1165,1
23,0,832.08,1022.9,2,746.59,5,-160.16,0.8135,0.8973,-0.2293,1
19,0,315.91,408.39,3,1132.11,5,-77.05,0.7735,3.5836,-0.2927,1
19,2,372.78,376.04,6,1980.98,10,227.88,0.9913,5.3141,-0.0087,1
21,0,413.14,451.56,6,567.06,7,-7.69,0.9149,1.3726,-0.093,1
18,0,2449.55,1901.32,5,576.17,5,721.22,1.2883,0.2352,0.2238,0
24,1,3181.3,2554.69,2,627.82,0,358.38,1.2453,0.1973,0.197,0
23,0,633.43,757.29,4,1479.33,8,-158.87,0.8364,2.3354,-0.1955,1
22,0,1295.88,1138.78,0,0.0,3,174.8,1.138,0.0,0.1212,0
23,1,346.28,407.12,3,633.87,7,102.85,0.8506,1.8305,-0.1757,1
23,1,2529.67,1607.4,0,0.0,5,967.44,1.5738,0.0,0.3646,1
19,1,3205.94,2413.36,6,1303.82,6,871.6,1.3284,0.4067,0.2472,1
25,3,865.82,622.58,3,824.66,1,385.08,1.3907,0.9525,0.2809,1
24,0,949.48,920.0,5,282.47,3,100.45,1.032,0.2975,0.031,0
18,1,2015.09,1322.65,0,0.0,5,206.14,1.5235,0.0,0.3436,1
22,0,716.58,602.44,6,1643.47,7,306.07,1.1895,2.2935,0.1593,1
25,1,1580.06,2038.86,3,627.76,5,-490.31,0.775,0.3973,-0.2904,1
23,1,2853.42,3298.42,0,0.0,5,-338.6,0.8651,0.0,-0.156,1
21,1,1306.63,1479.65,2,194.37,0,-146.53,0.8831,0.1488,-0.1324,0
23,2,974.05,676.56,1,67.96,1,314.28,1.4397,0.0698,0.3054,0
23,0,598.27,511.64,0,0.0,4,-91.36,1.1693,0.0,0.1448,1
21,1,731.34,787.22,0,0.0,2,-343.38,0.929,0.0,-0.0764,0
21,0,861.16,529.73,4,573.36,2,120.78,1.6257,0.6658,0.3849,0
26,0,300.73,271.79,6,2319.42,10,149.7,1.1065,7.7126,0.0962,1
22,1,2113.06,2641.35,4,555.22,0,-785.63,0.8,0.2628,-0.25,0
21,1,4540.26,2985.85,4,578.23,3,1123.48,1.5206,0.1274,0.3424,0
22,0,801.33,989.15,0,0.0,2,-127.96,0.8101,0.0,-0.2344,0
21,0,557.78,410.62,1,372.99,1,-48.62,1.3584,0.6687,0.2638,0
21,0,506.66,371.07,0,0.0,2,32.18,1.3654,0.0,0.2676,0
18,0,427.32,314.85,6,340.01,3,120.64,1.3572,0.7957,0.2632,1
23,0,689.91,863.68,5,872.01,4,-133.18,0.7988,1.2639,-0.2519,1
21,2,5806.54,5937.89,6,770.27,1,-280.14,0.9779,0.1327,-0.0226,0
18,0,926.29,1042.59,6,1373.14,7,-100.7,0.8885,1.4824,-0.1256,1
22,3,551.62,472.45,1,288.9,2,141.24,1.1676,0.5237,0.1435,0
22,0,480.24,581.7,3,562.06,5,-287.06,0.8256,1.1704,-0.2113,1
21,1,851.37,857.63,4,952.3,4,26.97,0.9927,1.1186,-0.0074,1
24,0,806.76,822.8,5,1579.76,5,-121.05,0.9805,1.9582,-0.0199,1
25,1,6591.04,7425.63,4,544.61,3,-770.97,0.8876,0.0826,-0.1266,0
22,1,4803.35,5483.26,3,355.77,2,-546.03,0.876,0.0741,-0.1415,0
18,1,6787.2,7311.88,0,0.0,3,-476.53,0.9282,0.0,-0.0773,0
21,2,848.81,579.94,6,377.75,3,367.97,1.4636,0.445,0.3168,1
22,0,731.61,882.84,4,410.84,0,2.07,0.8287,0.5616,-0.2067,0
21,0,563.44,440.96,5,271.62,5,221.92,1.2778,0.4821,0.2174,0
18,0,1696.33,2200.71,1,244.38,3,-385.71,0.7708,0.1441,-0.2973,1
22,1,761.11,662.06,0,0.0,2,267.37,1.1496,0.0,0.1301,0
23,0,949.54,649.48,6,1415.16,2,359.81,1.462,1.4904,0.316,0
22,0,631.61,518.72,5,974.97,4,-126.18,1.2176,1.5436,0.1787,1
21,0,617.78,618.69,5,1175.8,4,-119.69,0.9985,1.9033,-0.0015,1
24,0,955.13,834.8,3,353.63,5,63.8,1.1441,0.3702,0.126,1
24,1,3882.52,4581.67,6,2035.11,4,-691.92,0.8474,0.5242,-0.1801,1
23,1,971.58,1046.92,1,393.27,2,-24.04,0.928,0.4048,-0.0775,0
26,1,3973.04,2977.46,5,1196.09,0,831.13,1.3344,0.3011,0.2506,1
19,1,1525.3,1490.52,3,543.07,1,332.35,1.0233,0.356,0.0228,0
25,2,447.0,514.62,1,327.12,7,-79.43,0.8686,0.7318,-0.1513,1
25,0,568.03,695.19,5,587.88,1,-91.48,0.8171,1.0349,-0.2239,1
19,3,955.87,837.78,2,324.54,4,-5.43,1.141,0.3395,0.1235,0
24,0,554.12,691.06,1,378.99,4,-255.0,0.8018,0.6839,-0.2471,1
25,1,7544.76,4716.82,4,460.81,1,2428.26,1.5995,0.0611,0.3748,0
25,1,2831.74,3040.39,5,446.2,6,-216.46,0.9314,0.1576,-0.0737,1
24,0,978.3,1122.49,2,482.45,2,-124.81,0.8715,0.4932,-0.1474,0
23,0,962.42,863.87,6,1533.58,6,320.06,1.1141,1.5935,0.1024,1
19,0,687.99,418.08,4,1036.01,2,253.87,1.6456,1.5059,0.3923,1
24,0,643.82,695.92,0,0.0,6,-67.45,0.9251,0.0,-0.0809,1
22,2,2689.75,2258.84,2,604.8,0,515.52,1.1908,0.2249,0.1602,0
22,0,452.51,319.59,6,808.79,4,87.41,1.4159,1.7873,0.2937,1
21,0,431.08,306.06,1,381.84,7,189.95,1.4085,0.8858,0.29,1
22,0,973.26,1107.97,6,778.71,5,-321.66,0.8784,0.8001,-0.1384,1
22,0,781.75,571.59,3,168.18,4,26.32,1.3677,0.2151,0.2688,0
21,0,674.88,633.62,4,994.98,4,50.32,1.0651,1.4743,0.0611,1
18,0,392.3,501.86,4,483.99,6,-150.98,0.7817,1.2337,-0.2793,1
21,0,658.75,745.16,3,810.0,7,-204.56,0.884,1.2296,-0.1312,1
24,0,960.01,943.72,3,390.67,4,34.49,1.0173,0.4069,0.017,0
21,0,1113.0,1079.38,3,599.49,1,56.07,1.0311,0.5386,0.0302,0
22,0,582.84,417.97,4,451.32,7,69.49,1.3945,0.7743,0.2829,1
21,1,4482.78,4090.52,5,1000.42,0,279.64,1.0959,0.2232,0.0875,0
24,0,919.42,644.91,3,293.35,6,264.41,1.4257,0.3191,0.2986,0
22,0,938.08,617.73,3,504.87,0,122.2,1.5186,0.5382,0.3415,0
21,3,579.66,392.08,5,598.13,1,62.69,1.4784,1.0319,0.3236,1
21,0,725.03,742.89,5,1678.18,3,66.42,0.976,2.3146,-0.0246,1
22,0,495.16,364.18,4,1221.1,4,89.93,1.3597,2.4661,0.2645,1
21,1,615.31,433.51,3,325.16,5,74.91,1.4194,0.5284,0.2955,0
26,0,2000.0,2413.98,4,316.07,2,-507.48,0.8285,0.158,-0.207,0
22,1,4785.03,3279.7,3,177.03,0,1303.23,1.459,0.037,0.3146,0
23,1,2610.45,2855.69,3,388.01,2,-263.37,0.9141,0.1486,-0.0939,0
25,3,536.15,478.19,1,218.06,6,358.25,1.1212,0.4067,0.1081,0
23,3,490.21,492.84,3,569.88,4,82.9,0.9947,1.1625,-0.0054,1
25,0,405.57,249.97,3,1170.07,9,-64.15,1.6225,2.885,0.3837,1
22,1,4283.38,2570.09,0,0.0,1,1762.77,1.6666,0.0,0.4,0
23,0,797.31,934.51,6,464.19,3,-250.66,0.8532,0.5822,-0.1721,1
26,1,4649.77,4337.35,4,422.51,5,258.52,1.072,0.0909,0.0672,1
23,0,382.47,248.57,0,0.0,4,55.13,1.5387,0.0,0.3501,0
21,0,1069.3,898.66,1,98.38,0,477.15,1.1899,0.092,0.1596,0
25,0,481.68,459.74,3,705.89,6,-147.28,1.0477,1.4655,0.0455,1
21,0,926.34,643.66,6,461.15,5,320.29,1.4392,0.4978,0.3052,1
18,0,1948.33,1914.11,3,212.86,0,-73.18,1.0179,0.1093,0.0176,0
21,0,799.83,775.94,5,456.78,2,136.47,1.0308,0.5711,0.0299,0
23,2,692.08,707.3,0,0.0,4,27.88,0.9785,0.0,-0.022,0
19,0,426.39,497.68,3,170.33,0,114.66,0.8568,0.3995,-0.1672,0
23,1,2604.69,2315.43,5,1946.85,5,413.31,1.1249,0.7474,0.1111,1
25,1,4749.09,5803.35,5,916.38,5,-1228.55,0.8183,0.193,-0.222,1
23,1,4159.9,3878.16,1,167.81,3,718.76,1.0726,0.0403,0.0677,0
22,0,833.93,767.22,4,864.74,4,135.36,1.087,1.0369,0.08,1
25,1,5603.31,5933.79,0,0.0,0,-385.13,0.9443,0.0,-0.059,0
21,1,2088.84,2156.24,0,0.0,5,-32.96,0.9687,0.0,-0.0323,1
